DICIONARIO,,,,,,,,,,
PALAVRA/SINGULAR,,SIGNIFICADO/TRADUÇÃO,,CLASE,,PLURAL,,PRONÚNCIA,USO,AMBIENTE
Kaira,,Olá / Oi,,Interjeição,,-,,Kái-ra,"Informal, entre amigos e família",INFORMAL
Nofra,,Bom dia/Bem-vindo,,Interjeição,,-,,Nó-fra,"Ao encontrar estranhos, nobres ou iniciar discursos",FORMAL
Ujai,,Adeus,,Interjeição,,-,,U-jái,"""(Vá com) saúde""/AMBOS",AMBOS
Amota,,Obrigado,,Interjeição,,-,,A-mó-ta,Amota Nōca (Graça Grande)/AMBOS,AMBOS
Sena,,De nada / Por favor,,Interjeição,,-,,Sê-na,Uma partícula suave de permissão ou passagem,AMBOS
Ha ne Nutais!,,Pelos Deuses,,Exclamaçõa,,Nutais,,Rá nê Nu-táis,-,AMBOS
Kau,,Entre / Meio,,Preposição,,Kauis,,,,AMBOS
Lēs,,Correntezas,,Subst. fem.,,Já é plural de agua,,,,AMBOS
Valis,,Montanha / Pico,,Subst. fem.,,-,,,,AMBOS
Lē,,Junto de/proximo de,,Locução,,Lēis,,,,AMBOS
Artē,,Alto / Supremo,,Adjetivo,,Artēis,,,,AMBOS
Ais,,Prata / Espelho,,Subst. Masc.,,Aisis,,,,AMBOS
Mōa,,Água,,Subst. Neutro,,Mōais,,Mô-a,"Água de beber, chuva ou líquidos em geral.",AMBOS
Oika,,Pão / Comida,,Subst. Masc.,,Oikais,,Oi-ka,Usado para pão ou qualquer refeição sólida básica.,AMBOS
Aia,,Casa / Lar,,Subst. fem.,,Aiais,,Ái-a,Refere-se à construção ou ao sentimento de lar.,AMBOS
Huo,,Dia/sol,,Subst. Masc.,,Huois,,Hu-ó,O período de luz do sol.,AMBOS
Ushē,,Noite,,Subst. fem.,,Ushēis,,U-chê,O período de escuridão/lua.,AMBOS
Joma,,Livro / Escrito,,Subst. Masc.,,Jomais,,Jô-ma,"Qualquer registro escrito, carta ou grimório.",AMBOS
Shibra,,Amigo(a),,Subst. Masc.,,Shibrais,,Chi-bra,Usado para aliados e pessoas próximas.,AMBOS
Kota,,Fogo / Chama,,Subst. Masc.,,Kotais,,Kô-ta,"Fogo de lareira, tocha ou elemento mágico.",AMBOS
Woma,,Comer,,Verbo,,-,,Uô-ma,Ação de se alimentar. (Passado: Womem).,AMBOS
Sia,,Beber,,Verbo,,-,,Si-a,Ação de beber. (Passado: Siem).,AMBOS
en,,em/dentro,,Preposição,,-,,En,Usando para se referir a algo dentro de ou em algo,AMBOS
Iota,,Pai,,Subst. Masc.,,Iotais,,I-ô-ta,"Formal. Para o pai afetivo (papai), usa-se Apa.",FORMAL
Mava,,Mãe,,Subst. Fem.,,Mavais,,Má-va,"Formal. Para a mãe afetiva (mamãe), usa-se Ama.",FORMAL
Shira,,Filha,,Subst. Fem.,,Shirais,,Chi-ra,Derivado de Sheri. Som suave.,AMBOS
Shiro,,Filho,,Subst. Masc.,,Shirois,,Chi-rô,O final 'o' marca o masculino jovem.,AMBOS
Irmão/soldado,,Irmão,,Subst. Masc.,,Sonais,,Sô-na,"Usado também para ""irmão de armas"" ou monge.",FORMAL
Sōni,,Irmã,,Subst. Fem.,,Sōnis,,Sô-ni,Única palavra que mantém o final em 'i' para diferenciar.,AMBOS
Uro,,Rei,,Título,,Urois,,U-rô,Do Copta Ouro.,FORMAL
Ura,,Rainha,,Título,,Urais,,U-ra,A terminação 'a' suaviza e feminiliza.,FORMAL
Heka,,Mago / Feiticeiro,,Título,,Hekais,,Hê-ka,"Do Egípcio Heka (Magia). Mais místico que ""Mago"".",FORMAL
Neba,,Lorde / Senhor,,Título,,Nebais,,Nê-ba,Do Egípcio Neb. Alguém que possui terras.,FORMAL
Nebti,,Lady / Senhora,,Título,,Nebtis,,Neb-ti,Feminino de Neba.,FORMAL
Jōm,,Mestre / Sábio,,Título,,Jōmis,,Jôm,"Raiz para ""Livro"" (Joma). ""Aquele do livro"".",FORMAL
Kaia,,Terra / Solo,,Subst. Fem.,,Kaiais,,Kái-a,"Refere-se ao chão físico, terra de plantio.",AMBOS
To,,País / Território,,Subst. Masc.,,Tois,,Tô,Usado para nações (Ex: To Carnenia).,AMBOS
Maia,,Amar / Gostar,,Verbo / Subst.,,Maias (Amores),,Mái-a,Raiz universal de afeto.,AMBOS
Mise,,Jei,,Verbo,,-,,Mi-sé,Do Copta Miste. O oposto de Maia.,AMBOS
Hēt,,Coração,,Subst. Masc.,,Hētis,,Hêt,O órgão e o centro das emoções.,AMBOS
Hela,,Senhor / Venerável,,Pronome de tratamento,,,,Hllo (Ancião),Para homens mais velhos na rua/mercado.,FORMAL
Helaia,,Senhora / Venerável,,Pronome de tratamento,,,,Hllo + aia (fem),Para mulheres mais velhas.,FORMAL
Alu,,Jovem / Garoto(a),,Pronome de tratamento,,,,Alou (Menino),"Gênero neutro/masculino. ""Ei, jovem!"" para jovens",FORMAL
Alua,,Jovem / Garota,,Pronome de tratamento,,,,Alou + a,Especificamente feminino. para jovens ou menos experiente,FORMAL
-k,,Sr./Respeitável,,Sufixo de respeito,,,,som curto e seco,Petros-k,FORMAL
Kama,,Preto / Escuro,,Adjetivo,,Kamais,,Ká-ma,"De onde vem a palavra ""Kemet"" (Egito - Terra Negra).",AMBOS
Woba,,Branco / Claro,,Adjetivo,,Wobais,,Uô-ba,Simplificamos Ouobaš removendo o 'sh' final áspero.,AMBOS
Tresha,,Vermelho,,Adjetivo,,Treshais,,Trê-cha,Mantivemos o som forte para cor de sangue/fogo.,AMBOS
Wota,,Verde,,Adjetivo,,Wotais,,Uô-ta,Ouot significa verdura/fresco.,AMBOS
Ezba,,Azul,,Adjetivo,,Ezbais,,Êz-ba,Derivado de Lápis-lazúli (pedra azul).,AMBOS
Nub,,Dourado / Ouro,,Adjetivo,,Nubis,,Nub,Raiz clássica para ouro.,AMBOS
Shima,,Pequeno,,Adjetivo,,Shimais,,Chí-ma,Oposto de Nōca (Grande).,AMBOS
Bera,,Novo,,Adjetivo,,Berais,,Bé-ra,Usado para coisas recém-criadas.,AMBOS
Pasa,,Velho / Antigo,,Adjetivo,,Pasais,,Pá-sa,Usado para objetos (Hela é para pessoas).,AMBOS
Homa,,Quente,,Adjetivo,,Homais,,Hô-ma,"Calor de temperatura, não de clima.",AMBOS
Jafa,,Frio,,Adjetivo,,Jafais,,Já-fa,Sensação térmica.,AMBOS
Sura,,Morto / Vazio,,Adjetivo,,Surais,,Su-ra,Algo sem vida ou deserto.,AMBOS
Bala,,Olho,,Subst. Masc.,,Balais,,Bá-la,,AMBOS
Tota,,Mão,,Subst. Fem.,,Totais,,Tô-ta,"Origem: Copta Tot. Usado para ""ação"" ou ""poder manual"".",AMBOS
Joa,,Cabeça,,Subst. Fem.,,Joais,,Jô-a,"Origem: Copta Djo. Pode significar ""Chefe"" ou ""Líder"" em contextos militares.",AMBOS
Roa,,Boca,,Subst. Masc.,,Roais,,Rô-a,"Origem: Copta Ro. Usado também para ""Entrada"" (ex: Boca da caverna).",AMBOS
Senofa,,Sangue,,Subst. Masc.,,-,,Se-nô-fa,Origem: Copta Snof. Geralmente usado no singular (como líquido).,AMBOS
Foa,,Cabelo,,Subst. Masc.,,Foais,,Fô-a,Origem: Copta Fwi. Usado para cabelo ou pelagem de animais nobres.,AMBOS
Rata,,Pé,,Subst. Masc.,,Ratais,,Rá-ta,Origem: Copta Rat. Usado para base de montanhas também.,AMBOS
Haka,,Ouvido / Orelha,,Subst. Masc.,,Hakais,,Há-ka,Origem: Copta Maaje (adaptado para soar mais agudo/élfico).,AMBOS
Raha,,Lavar,,Verbo,,-,,Ra-há,Ato de lavar algo,AMBOS
Naya ,,Ver,,Verbo,,-,,,Ato de ver,AMBOS
Hrēra,,Flor,,Subst. Masc.,,Hrērais,,Reera,,AMBOS
Hala,,Passaro,,Subst. Masc.,,Halais,,àla,,AMBOS
Satera,,Moeda,,Subst. Fem.,,Saterais,,Saterá,,AMBOS
Ko ,,Ter ,,Verbo,,-,,Kó,"é um Verbo simples para ""ter/possuir"", derivado de Kw",AMBOS
Wa,,Um (1),,Numeral,,-,,U-á,"""Wa Heka"" (Um mago).",AMBOS
Snava,,Dois (2),,Numeral,,-,,Sná-va,"""Snava Balais"" (Dois olhos).",AMBOS
Shomta,,Três (3),,Numeral,,-,,Chôm-ta,Sagrado para trindades.,AMBOS
Fotu,,Quatro (4),,Numeral,,-,,Fó-tu,"Pontos cardeais, lados.",AMBOS
Tiwa,,Cinco (5),,Numeral,,-,,Ti-uá,Dedos da mão.,AMBOS
Soa,,Seis (6),,Numeral,,-,,Sô-a,-,AMBOS
Sashfa,,Sete (7),,Numeral,,-,,Sách-fa,Número místico/sorte.,AMBOS
Shamna,,Oito (8),,Numeral,,-,,Chám-na,-,AMBOS
Psita,,Nove (9),,Numeral,,-,,Psi-ta,-,AMBOS
Mēta,,Dez (10),,Numeral,,-,,Mê-ta,Base decimal.,AMBOS
Rêa,,Sol ,,Subst. Masc.,,Rêais,,Rê-a,Origem: Copta Rê. O astro rei ou divindade solar.,AMBOS
Ioha,,Lua,,Subst. Fem.,,Iohais,,I-ó-ha,Origem: Copta Ioh. Associado à noite e magia.,AMBOS
Siua,,Estrela,,Subst. Fem.,,Siuais,,Si-u-a,Origem: Copta Siou. Guia de navegação.,AMBOS
Tepia,,Céu / Firmamento,,Subst. Masc.,,Tepiais,,Te-pi-a,Origem: Copta Tpê. Onde vivem os astros.,AMBOS
Klola,,Nuvem,,Subst. Fem.,,Klolais,,Kló-la,Origem: Copta Kloole.,AMBOS
Howa,,Chuva,,Subst. Masc.,,Howais,,Hô-wa,Origem: Copta Hwou. Água que cai do céu.,AMBOS
Tiu,,Vento,,Subst. Masc.,,Tiuis,,Ti-u,"Origem: Copta Tyou. Já usado, agora oficializado.",AMBOS
Ona,,Pedra / Rocha,,Subst. Fem.,,Onais,,Ó-na,Origem: Copta Ōne. Material de construção ou geologia.,AMBOS
Uoina,,Luz,,Subst. Masc.,,Uoinais,,U-ói-na,Origem: Copta Ouoein. Oposto de escuridão (Kaki).,AMBOS
Kaki,,Escuridão / Trevas,,Subst. Fem.,,-,,Ká-ki,Origem: Copta Kake. Ausência de luz.,AMBOS
 He ,,Cair,,Verbo,,-,,He,,AMBOS
Uonsha,,Lobo,,Subst. Masc.,,Uonshis,,U-ôn-cha,"Origem: Copta Ouōnsh. Comum no ""Shēna"" (Bosque).",AMBOS
Hato,,Cavalo,,Subst. Masc.,,Hatois,,Há-to,Origem: Copta Hto. Animal essencial para transporte e guerra.,AMBOS
Tebta,,Peixe,,Subst. Masc.,,Tebtais,,Téb-ta,Origem: Copta Tebt. Fonte de alimento do rio.,AMBOS
Hofa,,Cobra / Serpente,,Subst. Masc.,,Hofais,,Hó-fa,Origem: Copta Hof. Símbolo de perigo ou medicina.,AMBOS
Muia,,Leão,,Subst. Fem.,,Muiais,,Múi-a,Origem: Copta Mouei. Símbolo de realeza ou força bruta.,AMBOS
Emua,,Gato,,Subst. Masc.,,Emuais,,Ê-mu-a,Origem: Copta Emou. Animal doméstico ou sagrado.,AMBOS
Uhara,,Cão,,Subst. Masc.,,Uharais,,U-há-ra,Origem: Copta Ouhor. Cão de caça ou guarda.,AMBOS
Masa,,Bezerro / Gado,,Subst. Masc.,,Masais,,Má-sa,Origem: Copta Mase. Gado jovem ou criação.,AMBOS
Siu,,Tempo / Época,,Subst. Masc.,,Siuis,,Si-u,Origem: Copta Seou. Conceito abstrato de tempo.,AMBOS
Rompa,,Ano,,Subst. Fem.,,Rompais,,Rôm-pa,Origem: Copta Rompe. Usado para idades e ciclos.,AMBOS
Ebota,,Mês,,Subst. Masc.,,Ebotais,,E-bó-ta,Origem: Copta Ebot. Ciclo lunar.,AMBOS
Una,,Hora / Momento,,Subst. Fem.,,Unais,,Ú-na,Origem: Copta Ounou. Uma divisão do dia.,AMBOS
Poua,,Hoje,,Advérbio,,-,,Pô-ua,Origem: Copta Poou.,AMBOS
Rasta,,Amanhã,,Advérbio,,-,,Rás-ta,Origem: Copta Rast. O dia seguinte.,AMBOS
Safa,,Ontem,,Advérbio,,-,,Sá-fa,Origem: Copta Saf. O dia anterior.,AMBOS
Tenu,,Agora,,Advérbio,,-,,Tê-nu,Origem: Copta Tenou. Neste momento.,AMBOS
Pola,,Correr / Fluir,,Verbo,,-,,Pô-la,"Usado para pessoas, animais e líquidos.",AMBOS
Misha,,Lutar / Batalhar,,Verbo,,-,,Mi-cha,Combate físico ou disputa de ideias.,AMBOS
Enko,,Dormir,,Verbo,,-,,En-kô,Suavizado de Nkotk. Repouso profundo.,AMBOS
Jia,,Pegar / Tomar,,Verbo,,-,,Ji-a,Receber algo ou segurar com a mão.,AMBOS
Tia,,Dar / Oferecer,,Verbo,,-,,Ti-a,O oposto de Jia. Entregar algo.,AMBOS
Saja,,Falar / Dizer,,Verbo,,-,,Sá-ja,Comunicação verbal.,AMBOS
Sota,,Ouvir / Escutar,,Verbo,,-,,Sô-ta,Perceber som ou obedecer.,AMBOS
Matu,,Paz/Êxito,,Subst. Fem.,,-,,,,AMBOS
Sifa,,Espada,,Subst. Fem.,,Sifais,,,,AMBOS
Pa,,Meu / Minha,,Possessivo,,-,,Pá,"""Pa Sifa"" (Minha espada).",AMBOS
Peka,,Teu / Tua,,Possessivo,,-,,Pé-ka,"""Peka Hato"" (Teu cavalo).",AMBOS
Pefa,,Dele,,Possessivo,,-,,Pé-fa,"""Pefa Aia"" (A casa dele).",AMBOS
Pesa,,Dela,,Possessivo,,-,,Pé-sa,"""Pesa Mava"" (A mãe dela).",AMBOS
Pena,,Nosso(a),,Possessivo,,-,,Pé-na,"""Pena Uro"" (Nosso rei).",AMBOS
Pura,,Vosso(a),,Possessivo,,-,,Pú-ra,De vocês (Plural).,AMBOS
Pau,,Deles / Delas,,Possessivo,,-,,Pau,Pertence a eles.,AMBOS
Nte,,De (posse),,Possessivo,,-,,n-té,"De alguma lugar, de alguem",
Nima,,Quem,,Pron. Interrog.,,-,,Ni-ma,"""Quem é você?""",AMBOS
Asha,,O que / Qual,,Pron. Interrog.,,-,,A-cha,"""O que é isso?""",AMBOS
Tona,,Onde,,Pron. Interrog.,,-,,Tô-na,"""Onde está o rei?""",AMBOS
Tuna,,Quando,,Pron. Interrog.,,-,,Tu-na,"""Quando ele vem?""",AMBOS
Etba,,Por que,,Pron. Interrog.,,-,,Et-ba,"""Por que lutamos?""",AMBOS
Hosa,,Como,,Pron. Interrog.,,-,,Hô-sa,"""Como fazer?""",AMBOS
Uer,,Quanto(s),,Pron. Interrog.,,-,,U-ér,"""Quantos anos?""",AMBOS
Au,,E,,Conjunção,,-,,Au,"""Eu e você"".",AMBOS
Ala,,Mas / Porém,,Conjunção,,-,,Á-la,"""Forte mas velho"".",AMBOS
Ea,,Ou,,Conjunção,,-,,Ê-a,"""Água ou Vinho"".",AMBOS
Jea,,Porque / Que,,Conjunção,,-,,Jê-a,Resposta para Etba.,AMBOS
Esha,,Se,,Conjunção,,-,,Ê-cha,Condicional.,AMBOS
Hena,,Com,,Preposição,,-,,Hê-na,Companhia.,AMBOS
Tamia,,Fazer/criar,,Verbo,,,,,"Criar ou fazer algo, alguma coisa",
Ina,,Ser / É / Sou,,Verbo ,,-,,I-na,"Usado para nomes, profissões e definições imutáveis. ""Eu sou Rei"".",AMBOS
Shopa,,Estar / Ficar / Há,,Verbo ,,-,,Chô-pa,"Usado para localização, emoções temporárias ou existência (""Há um lobo"").",AMBOS
An,,Não Ser / Não Estar,,Negação,,-,,An,Partícula negativa colocada antes do Verbo. (Baseado no Copta An).,AMBOS
Boka,,Ir / Partir,,Verbo,,-,,Bô-ka,Movimento para longe.,AMBOS
Eia,,Vir / Chegar,,Verbo,,-,,Ei-a,Movimento para perto.,AMBOS
Koto,,Voltar / Retornar,,Verbo,,-,,Kô-to,Regressar à origem.,AMBOS
Mosha,,Caminhar / Andar,,Verbo,,-,,Mô-cha,Deslocamento lento (a pé).,AMBOS
Hona,,Aproximar-se,,Verbo,,-,,Hô-na,Chegar perto de algo.,AMBOS
Loja,,Parar / Cessar,,Verbo,,-,,Lô-ja,Interromper movimento.,AMBOS
Hamsha,,Carpinteiro / Construtor,,Subst.,,Hamshais,,Hám-cha,Hamshe,AMBOS
Hamata,,Ferreiro,,Subst.,,Hamatais,,Ha-má-ta,Hamet,AMBOS
Mato,,Soldado / Guerreiro,,Subst.,,Matois,,Má-to,Matoi,AMBOS
Uela,,Camponês / Agricultor,,Subst.,,Uelais,,U-é-la,Ouoie,AMBOS
Refa,,Músico / Bardo,,Subst.,,Refais,,Ré-fa,Ref (Prefixo de agente) + Mousike,AMBOS
Saia,,Médico / Curandeiro,,Subst.,,Saiais,,Sái-a,Sain (Médico),AMBOS
Eshot,,Comerciante,,Subst.,,Eshotis,,E-chót,Eshot,AMBOS
Man,,Pastor,,Subst.,,Manis,,Man,Mone,AMBOS
Benipa,,Ferro,,Subst. Masc.,,-,,Be-ni-pa,Benipe,AMBOS
Hata,,Prata,,Subst. Masc.,,-,,Há-ta,Hat (Metal precioso).,AMBOS
Shea,,Madeira,,Subst. Fem.,,Sheais,,Chê-a,She (Árvore/Madeira).,AMBOS
Nuba,,Ouro,,Subst. Masc.,,-,,Nú-ba,"Noub (Já tínhamos como cor, agora como metal).",AMBOS
Hebsa,,Roupa / Tecido,,Subst. Masc.,,Hebsais,,Héb-sa,Hbsō (Vestimenta).,AMBOS
Aroma,,Couro / Pele,,Subst. Fem.,,Aromais,,A-rô-ma,Aar (Pele) + terminação suavizada.,AMBOS
Shoita,,Areia,,Subst. Fem.,,-,,Chói-ta,Shoite.,AMBOS
Alka,,Pedra Preciosa,,Subst. Fem.,,Alkais,,Ál-ka,Ana-l (Pedra) + Ka (Espírito/Brilho).,AMBOS
Erpe,,Templo,,Subst. Neutro,,Erpeis,,Er-pé,Erpei,AMBOS
Puria,,Castelo / Fortaleza/reino,,Subst. Neutro,,Purais,,Pú-ra,Pyrgos (Torre/Forte),AMBOS
Manje,,Taverna / Estalagem,,Subst. Neutro,,Manjeis,,Man-jê,Man (Lugar) + Je (Bebida/Comida),AMBOS
,,,,,,,,Ái-a,"Ei (Já tínhamos, reforçando como Ni)",AMBOS
Koia,,Campo / Fazenda,,Subst. Neutro,,Koais,,Kô-a,Koi,AMBOS
Mosa,,Ponte,,Subst. Neutro,,Mosais,,Mô-sa,Mouts,AMBOS
Hira,,Estrada / Caminho,,Subst. Neutro,,Hirais,,Hi-ra,Hir,AMBOS
Hepa,,Vinho,,Subst. Neutro,,Hepais,,Hé-pa,Ērp (Vinho).,AMBOS
Hekta,,Cerveja,,Subst. Neutro,,Hektais,,Hék-ta,Hekt (Cerveja egípcia).,AMBOS
Afia,,Carne,,Subst. Neutro,,Afiais,,Á-fi-a,Af (Carne).,AMBOS
Uma,,Fruta / Legume,,Subst. Neutro,,Umais,,Ú-ma,Ouom (Comer/Alimento).,AMBOS
Mel,,Mel,,Subst. Neutro,,-,,Mel,Mel (Empréstimo Grego/Copta).,AMBOS
Bana,,Tâmara / Fruta Doce,,Subst. Neutro,,Banais,,Bá-na,Bni (Tâmara).,AMBOS
Surah,,Leite,,Subst. Neutro,,-,,Su-ráh,Erote (Leite) -> adaptado.,AMBOS
Kem,,Sal,,Subst. Neutro,,-,,Kem,Hmou (Sal) -> adaptado para soar alquímico.,AMBOS
Ua,,Quero,,Verbo,,-,,Ua,,AMBOS
Onha,,Vida,,Subst. Fem.,,-,,Ôn-ha,Onh (Vida).,AMBOS
Muna,,Morte,,Subst. Fem.,,-,,Mú-na,Mou (Morte).,AMBOS
Ka,,Alma / Espírito,,Subst. Masc.,,Kais,,Ká,Ka (Conceito vital egípcio).,AMBOS
Kan,,Brilho,,Subst. Masc.,,Kanis,,Kân,,
Rina,,Nome,,Subst. Masc.,,Rinais,,Ri-na,Ren (Nome).,AMBOS
Maa,,Verdade,,Subst. Fem.,,-,,Má-a,Maat (Verdade/Justiça).,AMBOS
Jol,,Mentira,,Subst. Fem.,,Jolis,,Jól,Col (Mentira/Falsidade).,AMBOS
Rasu,,Sonho,,Subst. Masc.,,Rasuis,,Rá-su,Rasou (Sonho).,AMBOS
Heka,,Magia / Poder,,Subst. Masc.,,Hekais,,Hê-ka,"Heka (Já tínhamos, mas agora como conceito).",AMBOS
Yoma,,Mar,,Subst. Masc.,,Yomais,,Yo-má,,AMBOS
Kopa,,Porta / Passagem,,Subst. Fem.,,Kopais,,Kô-pa,,AMBOS
Uola,,Janela,,Subst. Fem.,,Uolais,,U-ó-la (Derivado de Uoina/Luz),,AMBOS
Loma,,Cama / Leito,,Subst. Fem.,,Lomais,,Lô-ma,,AMBOS
Tana,,Mesa,,Subst. Fem.,,Tanais,,Tá-na,,AMBOS
Sita,,Cadeira / Assento,,Subst. Fem.,,Sitais,,Si-ta,,AMBOS
Faka,,Faca / Lâmina curta,,Subst. Masc.,,Fakais,,Fá-ka,,AMBOS
Pato,,Prato,,Subst. Masc.,,Patois,,Pá-to,,AMBOS
Kopo,,Copo / Taça,,Subst. Masc.,,Kopois,,Kô-po,,AMBOS
Baza,,Mercado / Feira,,Subst. Fem.,,Bazais,,Bá-za,,AMBOS
,,,,,,,,Mú-ra,,AMBOS
Yara,,Barco / Canoa,,Subst. Fem.,,Yaris,,Yá-ra,,AMBOS
Pash,,Remo,,Subst. Masc.,,Pashis,,Pách (Som de água batendo),,AMBOS
Vela,,Vela (de barco),,Subst. Fem.,,Velais,,Vé-la,,AMBOS
Hiria,,Viagem / Jornada,,Subst. Fem.,,Hirais,,Hi-ra,,AMBOS
Mapu,,Mapa,,Subst. Masc.,,Mapuis,,Má-pu,,AMBOS
Bra,,Braço,,Subst. Masc.,,Brais,,Brá,,AMBOS
Vena,,Perna,,Subst. Fem.,,Venais,,Vê-na,,AMBOS
Kala,,Dedo,,Subst. Masc.,,Kalais,,Ká-la,,AMBOS
Tumb,,Barriga / Estômago,,Subst. Neutro,,Tumbis,,Tumb,,AMBOS
Nipa,,Dente,,Subst. Masc.,,Nipais,,Ni-pa,,AMBOS
Pel,,Pele,,Subst. Fem.,,Pelis,,Pél,,AMBOS
Lina,,Alegria / Felicidade,,Subst. Fem.,,-,,Li-na,,AMBOS
Huma,,Medo,,Subst. Masc.,,Humais,,Hú-ma,,AMBOS
Dira,,Dor,,Subst. Fem.,,Dirais,,Di-ra,,AMBOS
Mina,,Mente / Pensamento,,Subst. Fem.,,Minais,,Mi-na,,AMBOS
Soma,,Sono (Vontade de dormir),,Subst. Neutro,,-,,Sô-ma,,AMBOS
Kora,,Coragem,,Subst. Fem.,,-,,Kô-ra,,AMBOS
Gria,,Escrever,,Verbo,,-,,Gri-a,,AMBOS
Lēra,,Ler,,Verbo,,-,,Lê-ra,,AMBOS
Aba,,Abrir,,Verbo,,-,,A-ba,,AMBOS
Klo,,Fechar,,Verbo,,-,,Klô,,AMBOS
Koa,,Comprar,,Verbo,,-,,Kô-a,,AMBOS
Veta,,Vender,,Verbo,,-,,Vê-na,,AMBOS
Hana,,Caçar,,Verbo,,-,,Há-na,,AMBOS
Tami,,Cozinhar,,Verbo,,-,,Ta-mi (Derivado de Tamia/Criar),,
Wotia,,Folha,,Subst. Fem.,,Wotiais,,,,
Zura,,Ultima/Final,,Subst. Fem.,,Zurais,,,,
Ant,,Até,,Preposição,,,,,,
Kwaý,,Acontecimento muito ruim,,Subst. Masc.,,-,,Kuaii,,
Zarakura,,Continente,,Subst. Fem.,,Zarakurais,,Zarakurá,,
Soka,,Puxar / Trazer,,Verbo,,-,,Só-ka,,
Toba,,Empurrar,,Verbo,,-,,Tó-ba,,
Nuja,,Jogar / Lançar,,Verbo,,-,,Nu-já,,
Shota,,Cortar / Fatiar,,Verbo,,-,,Chó-ta,,
Kla,,Quebrar / Partir,,Verbo,,-,,Clá,,
Ama,,Segurar / Manter,,Verbo,,-,,Á-ma,,
Aha,,Levantar / Erguer,,Verbo,,-,,A-há,,
Oma,,Lama / Barro,,Subst. Masc.,,Omais,,Ô-ma,,
Shua,,Fumaça / Vapor,,Subst. Masc.,,Shuais,,Chu-a,,
Jafra,,Gelo,,Subst. Masc.,,Jafrais,,Ja-frá,,
Nuna,,Raiz,,Subst. Fem.,,Nunais,,Nu-na,,
Kahi,,Pó / Poeira,,Subst. Masc.,,-,,Ká-hi,,
Ene,,Sempre / Eterno,,Advérbio,,-,,Ê-né,,
Nene,,Nunca / Jamais,,Advérbio,,-,,Nê-né,,
Meka,,Talvez / Possível,,Advérbio,,-,,Mé-ka,,
Nasha,,Muito / Muitos,,Advérbio,,-,,Ná-cha,,
Tai,,Aqui,,Advérbio,,-,,Tái,,
Je,,Lá / Ali,,Advérbio,,-,,Jê,,
Jora,,Duro / Forte,,Adjetivo,,Jorais,,Jó-ra,,
Lela,,Mole / Macio,,Adjetivo,,Lelais,,Lé-la,,
Kosa,,Seco,,Adjetivo,,Kosais,,Kó-sa,,
Laka,,Molhado / Úmido,,Adjetivo,,Lakais,,Lá-ka,,
Mēta-Wa,,11,,Numeral,,-,,,,
Mēta-Snava,,12,,Numeral,,-,,,,
Mēta-Shomta,,13,,Numeral,,-,,,,
Mēta-Fotu,,14,,Numeral,,-,,,,
Mēta-Tiwa,,15,,Numeral,,-,,,,
...,,...,,Numeral,,-,,,,
Mēta-Psita,,19,,Numeral,,-,,,,
Snavamē,,20,,Numeral,,-,,,,
Shomtamē,,30,,Numeral,,-,,,,
Fotumē,,40,,Numeral,,-,,,,
Tiwamē,,50,,Numeral,,-,,,,
Soamē,,60,,Numeral,,-,,,,
Sashfamē,,70,,Numeral,,-,,,,
Shamnamē,,80,,Numeral,,-,,,,
Psitamē,,90,,Numeral,,-,,,,
She,,100,,Numeral,,-,,,,
Sho,,1.000,,Numeral,,-,,,,
Sur,,0 (Zero),,Numeral,,-,,,,
Kela,,Escudo,,Subst. Masc.,,Kelais,,,Copta Kel (Escudo).,
Hopsa,,Armadura,,Subst. Fem.,,Hopsais,,,Copta Hops (Cobrir/Armar).,
Pite,,Arco,,Subst. Masc.,,Piteis,,,Copta Pite.,
Sote,,Flecha,,Subst. Masc.,,Soteis,,,Copta Sote.,
Jaja,,Inimigo,,Subst. Masc.,,Jajais,,,Copta Jaje. Som áspero.,
Romena,,Lança,,Subst. Fem.,,Romenais,,,Copta Lom.,
Taka,,Atacar / Golpear,,Verbo,,-,,,Som explosivo (T/K).,
Nahta,,Proteger / Defender,,Verbo,,-,,,Copta Nahte (Confiança/Proteção).,
Mora,,Amarrar / Prender,,Verbo,,-,,,Copta Mur. Útil para prisioneiros.,
,,,,,,,,,"(Cuidado: Já temos Sura como ""Morto/Vazio"". Vamos mudar para Kina).",
Kina,,Perigo,,Subst. Masc.,,Kinais,,,Copta Kinos.,
Suna,,Saber / Conhecer,,Verbo,,-,,,Copta Saune. (Diferente de Sona que é Irmão).,
Meua,,Pensar,,Verbo,,-,,,"Copta Meeue. Som mental, suave.",
Obsha,,Esquecer,,Verbo,,-,,,Copta Obsh.,
Mera,,Lembrar,,Verbo,,-,,,Derivado de Meua (Pensar de novo).,
Hapa,,Segredo / Oculto,,Subst. Masc.,,Hapais,,,Copta Hap.,
Wana,,Luz Divina / Poder,,Subst. Fem.,,Wanais,,,Copta Ouein. Diferente de Uoina (Luz física).,
Bela,,Cego / Sem visão,,Adjetivo,,-,,,"Copta Balle. Metaforicamente ""Ignorante"".",
Numa,,"""Assim está escrito / Não há o que fazer."" 
É a aceitação do destino, seja bom ou ruim.",,Holopfrases,,-,,Numá,"Quando alguém morre ou quando se ganha na loteria. ""Numa.""",
Rētia,,"""Um milagre inesperado / Sorte pura."" 
Quando você sobrevive a algo impossível.",,Holopfrases,,-,,Reetia,"O soldado escapou da flecha por um centímetro: ""Rētia!""",
Lindira,,"""A tristeza feliz de lembrar o passado."" 
(Similar à Saudade, mas focado na gratidão pela memória).",,Holopfrases,,-,,,Ao brindar a amigos mortos na taverna.,
Senra,,"""Irmão de batalha / Vínculo de vida e morte."" 
Alguém por quem você morreria, mas não é família de sangue.",,Holopfrases,,-,,,"Domenico apresentando seu melhor parceiro: ""Nof ina pa Senra.""",
Kias,,"""O silêncio tenso antes do ataque / 
A calmaria antes da tempestade.""",,Holopfrases,,-,,,"Quando a floresta fica muda de repente. ""Shopa Kias..."" (Está perigoso).",
Ujē,,"""Eu me rendo totalmente / Minha vida é sua."" 
A rendição absoluta onde você entrega sua honra ao vencedor.",,Holopfrases,,-,,Ujee,Um inimigo derrotado que não quer morrer.,
Turia,,Torre,,Subst. Fem.,,Turiais,,,Derivado de Artē (Alto) + som de Turris (Latim/Universal). Essencial para magos.,
Pula,,Portão / Grande Porta,,Subst. Masc.,,Pulais,,,Aumentativo de Kopa (Porta). A entrada da cidade.,
Hira,,Rua / Estrada,,Subst. Fem.,,Hirais,,,"Já tínhamos Hira (Caminho), oficializamos como Rua urbana.",
Plasa,,Praça / Pátio,,Subst. Fem.,,Plasais,,,Lugar aberto.,
Sodia,,Muralha,,Subst. Fem.,,Sodiais,,,Copta Sobt (Muro/Fortaleza).,
Kame,,Esgoto / Subterrâneo,,Subst. Neutro,,Kameis,,,Copta Kame (Escuro/Preto). Onde vivem os ladrões.,
Lomia,,Quarto,,Subst. Neutro,,Lomiais,,,Derivado de Loma (Cama) + sufixo -ia (Lugar).,
Noha,,Corda,,Subst. Fem.,,Nohais,,,Copta Nouh.,
Lola,,Bolsa / Saco,,Subst. Fem.,,Lolais,,,Copta Lo.,
Toka,,Tocha,,Subst. Fem.,,Tokais,,,Derivado de Kota (Fogo) invertido.,
Botia,,Frasco / Garrafa,,Subst. Fem.,,Botiais,,,Derivado de Sia (Beber) ou som de Bottle.,
Sela,,Sela (Montaria),,Subst. Fem.,,Selais,,,Já temos Hato (Cavalo).,
,,,,,,,,,Copta Ma (Lugar).,
Penka,,Chave,,Subst. Fem.,,Penkais,,,"Curiosamente, soa como Peka (Teu), mas o contexto diferencia.",
Nata,,Confiar,,Verbo,,-,,,Copta Nahte.,
Krofa,,Trair / Enganar,,Verbo,,-,,,Copta Krof.,
Rosha,,Servir / Obedecer,,Verbo,,-,,,Copta Rosh.,
Hopa,,Esconder,,Verbo,,-,,,Copta Hop.,
Sina,,Pedir / Suplicar,,Verbo,,-,,,Som suave.,
Un,,Um / Uma,,Artigos Indefinidos,,-,,Un,Artigo indefinido singular.,
Han,,Uns / Alguns,,Artigos Indefinidos,,-,,Rán,Plural (quantidade indefinida).,
Ke,,Que,,Pronome relativo.,,-,,Quê,Conecta orações (O homem que vi).,
Bo,,Por / Pelo(a),,Preposição,,-,,Bó,Indica o agente ou o meio.,
Nisha,,Grande,,Adj.,,Nishais,,,Copta Nish + vogal 'a'. (Cuidado: Nasha é Muito).,
Kouji,,Pequeno,,Adj.,,Koujis,,,Copta Kouji. Substitui Shima (que soa muito infantil).,
Hor,,Pesado,,Adj.,,Horis,,,Som grave e fechado.,
Iouf,,Leve,,Adj.,,Ioufis,,,"Som soprado, aéreo.",
Asua,,Rápido / Veloz,,Adj.,,Asuais,,,Copta Asou.,
Mona,,Lento / Devagar,,Adj.,,Monais,,,Copta Mon.,
Sifra,,Afiado / Cortante,,Adj.,,Sifrais,,,Reutilizando a raiz Sura (vazio/morte) para lâminas.,
Bula,,Cego (Lâmina),,Adj.,,-,,,Lâmina que não corta.,
Nefa,,Belo / Bonito,,Adj.,,Nefais,,,Do egípcio Nefer.,
Kaka,,Feio / Horrível,,Adj.,,Kakais,,,Som gutural.,
Shēn,,Árvore,,Subst. Fem.,,Shēnis,,Sheen,Raiz para Sheakama (Floresta).,
Hroa,,Caverna / Gruta,,Subst. Fem.,,Hroais,,,Copta Hro (Cova/Buraco).,
Iua,,Ilha,,Subst. Fem.,,Iuais,,,Som isolado.,
Sokia,,Praia / Areia,,Subst. Fem.,,Sokiais,,,"Já temos Shoita (Areia)? Se sim, usamos Shoita-Yoma (Areia do Mar). Vamos criar Sok para Costa.",
Buna,,Pedra (pequena),,Subst. Masc.,,Bunais,,,Diferente de Valis (Montanha) ou Ona (Rocha grande).,
Laka,,Lago,,Subst. Masc.,,Lakais,,,"Próximo do latim, mas encaixa na fonética.",
Traka,,Selva / Mato denso,,Subst. Masc.,,Trakais,,,Diferente de Sheakama (Floresta temperada).,
Sema,,Voz,,Subst. Fem.,,Semais,,,,
Nif,,Respiração / Sopro,,Subst. Masc.,,Nifis,,,,
Stoi,,Cheiro / Odor,,Subst. Masc.,,Stois,,,,
Kash,,Dor (Física),,Subst. Masc.,,Kashis,,,,
Jom,,Força / Poder Físico,,Subst. Masc.,,Jomis,,,,
Zaba,,Tempestade,,Subst. Fem.,,,,,Som forte e caótico.,
Kiona,,Neve,,Subst. Fem.,,,,,"Relacionado com Jafra (Gelo), mas suave a cair.",
Vola,,Nevoeiro / Neblina,,Subst. Masc.,,,,,"Algo que ""cobre"" a visão.",
Nura,,Terramoto / Tremor,,Subst. Masc.,,,,,Combinação de Kaia (Terra) + som de rutura.,
Tiu-Hor,,Furacão / Vendaval,,Subst. Masc.,,,,,Tiu (Vento) + Hor (Pesado). Palavra composta.,
Kaba,,Manto / Capa,,Subst. Fem.,,,,,Essencial para o frio (Jafa) e nevoeiro (Vola).,
Ratis,,Botas / Calçado,,Subst. Masc.,,,,,Derivado de Rata (Pé).,
Ruka,,Anel,,Subst. Masc.,,,,,"Objeto pequeno, comum para magos (Hekais).",
Hekaia,,Amuleto / Talismã,,Subst. Neutro,,,,,"Heka (Magia) + -ia (Lugar/Objeto). ""Onde a magia habita"".",
Lasa,,Cinto,,Subst. Masc.,,,,,Onde se guarda a faca (Faka) ou a bolsa (Lola).,
Kruk,,Monstro / Fera,,Subst. Masc.,,,,,"Som gutural, indica uma besta não natural.",
Kashua,,Fantasma / Assombração,,Subst. Masc.,,,,,"Ka (Espírito) + Shua (Fumo/Vapor). ""Um espírito de fumo"".",
Daruk,,Demónio / Entidade Maligna,,Subst. Masc.,,,,,Ser das trevas (Kaki).,
Anka,,Morto-Vivo (Zombie),,Subst. Masc.,,,,,"Prefixo An- (Não/Sem) + Ka (Alma). ""Aquele sem alma"".",
E,,Para / A (Direção),,Preposição,,,,,"Já usámos em frases, vamos oficializar. Ana boka e Valis (Vou para a montanha).",
Abol,,De (Origem / Procedência),,Preposição,,,,,Diferente de Nte (posse). Ana eia abol Ferunok (Eu venho de Ferunok). Copta Ebol.,
Ehra,,Sobre / Acima de,,Preposição,,,,,Ni Joma shopa ehra ni Tana (O livro está sobre a mesa). Copta Ehrai.,
Kha,,Sob / Debaixo de,,Preposição,,,,,Ana hopa ni Peka kha ni Loma (Escondo a chave debaixo da cama). Copta Kha.,
Ata,,Sem (Falta de),,Preposição,,,,,O oposto de Hena (Com). Mato ata Sifa (Soldado sem espada). Copta At.,
Haja,,Antes / Antes de,,Preposição / Conj.,,,,,Haja te Ushē eia (Antes que a noite chegue). Copta Hajen.,
Mena,,Depois / Após,,Preposição / Conj.,,,,,Mena ni misha (Depois da batalha). Copta Menensa.,
Tera,,Então / Portanto,,Conjunção,,,,,"Te Ushē shopa jafa, tera ana pola (A noite está fria, então eu corro).",
Hos,,Como / Igual a,,Conjunção (Comp.),,,,,Usado para comparar. Nof misha hos un Muia (Ele luta como um Leão).,
Wa-Zura,,Primeiro,,Numeral,,,,,"Literalmente ""A Raiz do Um""",
Rela,,Mandar / Enviar,,Verbo,,,,,,
Seko,,Seguidores/Discípulos,,Substantivo,,,,,,
Kajom,,Mana / Energia Mágica,,Substantivo,,,,,A junção de Ka (Alma) + Jom (Força). A força da alma que se gasta.,
Derva,,Maldição / Magia Negra,,Substantivo,,,,,"Derivado do nome do deus do caos, Dervhanan.",
Hek-an,,Exaustão Mágica / Rebote,,Substantivo,,,,,Heka (Magia) + An (Não). Quando ficas sem poder e sentes dor.,
Uralu,,Príncipe,,Subst. Masc.,,,,,"Uro (Rei) + Alu (Jovem/Garoto). ""O Jovem Rei"".",
Uralua,,Princesa,,Subst. Fem.,,,,,"Ura (Rainha) + Alua (Jovem/Garota). ""A Jovem Rainha"".",
Holo,,Tudo/todos,,Pronome,,,,,Engloba a totalidade. Ana naya holo (Eu vejo tudo),
Zan,,Nada,,Pronome,,,,,A ausência total. Ana ko zan (Eu não tenho nada / Eu tenho nada).,
Alya,,Outro / Outra,,Pronome / Adj.,,,,,Soka un alya Sifa (Traga uma outra espada).,
Na,,Bem / Bom,,Advérbio / Adj.,,,,,A raiz positiva básica (origem de Nofra e Ayana).,
Ipa,,Mesmo / Próprio,,Pronome,,,,,Para dar ênfase. Domenico ipa sajem (O próprio Domenico disse).,
Kema,,Precisar / Ter necessidade,,Verbo,,,,,Mais urgente que Ua (Querer). Ana kema mōa (Eu preciso de água).,
Sana,,Ajudar / Socorrer,,Verbo,,,,,Raiz ligada à cura/salvação.,
Gema,,Encontrar / Achar,,Verbo,,,,,Copta Jem (Encontrar).,
Nuka,,Perder (um objeto ou caminho),,Verbo,,,,,Som que remete para algo a cair ou a sumir.,
Hota,,Tentar / Esforçar-se,,Verbo,,,,,Copta Hōt.,
Ta,,Este / Isto,,Pron. Dem.,,,,,Usado para o que está perto. Ta ina pa sifa (Isto é a minha espada).,
Jet,,Aquele / Aquilo,,Pron. Dem.,,,,,"Extensão da palavra ""Ali"". Je ina pe kruk (Aquilo é o monstro).",
Hau,,Mais,,Advérbio,,,,,Copta Houo (Mais/Maior quantidade). Ana ua hau oika (Quero mais pão).,
Shan,,Menos,,Advérbio,,,,,"Som suave. Shan nuba, hau saterais (Menos ouro, mais moedas).",
Feno,,Demais / Em excesso,,Advérbio,,,,,Quando algo passa do limite. Ta ina jafa feno (Isto é frio demais).,
Mehti,,Norte,,Direção,,,,,"Som cortante, como o frio do alto.",
Rasi,,Sul,,Direção,,,,,A direção para onde as águas costumam fluir e descer.,
Iab,,Leste / Nascente,,Direção,,,,,Onde o sol (Rêa) nasce.,
Ament,,Oeste / Poente,,Direção,,,,,Onde o sol repousa.,
Yaro,,Rio / Curso d'água,,Subst. Masc.,,,,,Diferente de Mōa (Água) ou Laka (Lago).,
Shara,,Deserto / Ermo / Mar de Areia,,Subst. Fem.,,,,,Essencial para descrever vastas regiões áridas e implacáveis.,
Uroto,,Reino / Império,,Subst. Neutro,,,,,Uro (Rei) + To (País). A grande nação sob uma coroa.,
Tora,,Fronteira / Limite,,Subst. Fem.,,,,,As linhas que dividem os reinos.,
Kov,,Vale / Depressão Geográfica,,Subst. Masc.,,,,,Onde a terra se curva entre as montanhas.,
Mōa-Nuna,,Nascente / Fonte d'água,,Subst. Fem.,,,,,"Literalmente ""A raiz da água"".",
Fas,,Fase / Ciclo Lunar,,Subst. Fem.,,,,,Essencial para acompanhar a passagem dos meses e luas.,
Sira,,Estação do Ano,,Subst. Fem.,,,,,Os grandes ciclos do tempo além dos meses.,
Gaba,,Carroça / Transporte,,Subst. Fem.,,,,,Veículo de viagem terrestre.,
Gabato,,Caravana / Comboio,,Subst. Masc.,,,,,Várias Gaba juntas nas estradas.,
Nahtia,,Equipamento de Proteção / Amuleto Seguro,,Subst. Neutro,,,,,Nahta (Proteger) + -ia (Objeto/Lugar).,
Hekwa,,Acidente / Desastre Imprevisto,,Subst. Masc.,,,,,He (Cair) + Kwaý (Acontecimento ruim).,
Jōmalu,,Professor / Estudioso,,Subst. Masc.,,,,,"Jōm (Sábio/Mestre) + Alu (Jovem). ""Aquele que guia os jovens"".",
Nayato,,Guarda / Vigia / Sentinela,,Subst. Masc.,,,,,Naya (Ver) + Mato (Soldado).,
Vora,,Beijar,,Verbo,,,,,Afeto físico direto.,
Nasa,,Chorar,,Verbo,,,,,A manifestação da tristeza ou luto.,
Lisha,,Rir / Sorrir,,Verbo,,,,,A manifestação da alegria (Lina).,
Fola,,Voar,,Verbo,,,,,O que os pássaros e magos superiores fazem.,
Kada,,Construir / Edificar,,Verbo,,,,,"Erguer paredes, reinos ou acampamentos.",
Pira,,Queimar / Incendiar,,Verbo,,,,,"Diferente de Kota (O Fogo, substantivo).",
Zoka,,Plantar / Semear,,Verbo,,,,,Ação da terra e da agricultura.,
Vasha,,Colher,,Verbo,,,,,Retirar o que cresceu da terra.,
Mor,,Urso,,Subst. Masc.,,,,,"Som pesado, besta forte.",
Nefua,,Raposa,,Subst. Fem.,,,,,"Animal ardiloso, associado a Nefa (Bela).",
Kalk,,Cobre / Bronze,,Subst. Masc.,,,,,"Metal inferior ao ouro e prata, muito comum em moedas menores.",
Fia-Homa,,Guisado / Sopa Quente,,Subst. Neutro,,,,,Afia (Carne) + Homa (Quente). A refeição clássica do viajante.,
Mōaha,,Onda,,Subst. Neutro,,,,,"Mōa (Água) + Aha (Levantar). ""A água que se levanta"".",
Mōasua,,Corredeira / Água Rápida,,Subst. Neutro,,,,,Mōa (Água) + Asua (Rápido).,
Mōahe,,Cachoeira / Queda d'água,,Subst. Neutro,,,,,"Mōa (Água) + He (Cair). ""A água que cai"".",
Roayaro,,Foz do Rio / Estuário,,Subst. Neutro,,,,,"Roa (Boca) + Yaro (Rio). ""A boca do rio"".",
Mōashara,,Oásis,,Subst. Neutro,,,,,"Mōa (Água) + Shara (Deserto). ""Água no deserto"".",
Howajora,,Tempestade (de Chuva forte),,Subst. Neutro,,,,,Howa (Chuva) + Jora (Forte/Duro).,
Tiujora,,Ventania / Tempestade de Vento,,Subst. Neutro,,,,,Tiu (Vento) + Jora (Forte).,
Tiukouji,,Brisa,,Subst. Neutro,,,,,Tiu (Vento) + Kouji (Pequeno).,
Howajafa,,Neve / Chuva Congelante,,Subst. Neutro,,,,,Howa (Chuva) + Jafa (Frio).,
Onahowa,,Granizo,,Subst. Neutro,,,,,"Ona (Pedra) + Howa (Chuva). ""Chuva de pedra"".",
Shoitatiu,,Tempestade de Areia,,Subst. Neutro,,,,,Shoita (Areia) + Tiu (Vento).,
Sematepia,,Trovão,,Subst. Neutro,,,,,"Sema (Voz) + Tepia (Céu). ""A voz do céu"".",
Kotatepia,,Raio / Relâmpago,,Subst. Neutro,,,,,"Kota (Fogo) + Tepia (Céu). ""O fogo do céu"".",
Kaialaka,,Pântano / Pântano,,Subst. Neutro,,,,,"Kaia (Terra) + Laka (Molhado). ""Terra úmida/lamaçal"".",
Kaiahe,,Deslizamento de Terra,,Subst. Neutro,,,,,Kaia (Terra) + He (Cair).,
Kotavalis,,Vulcão,,Subst. Neutro,,,,,"Kota (Fogo) + Valis (Montanha). ""Montanha de fogo"".",
Howia,,Chover,,Verbo,,,,,Poua howia nasha (Hoje chove muito).,
Tiua,,Ventar / Soprar forte,,Verbo,,,,,Te tepia tiua jora (O céu venta forte).,
Zabia,,Trovoar / Tempestear,,Verbo,,,,,A ação de uma tempestade destruidora.,
Aia-Joma,,Biblioteca / Arquivo,,Subst. Fem.,,,,,Aia (Casa) + Joma (Livro).,
Mōa-Bala,,Lágrima,,Subst. Fem.,,,,,Mōa (Água) + Bala (Olho).,
Aia-Mora,,Prisão / Calabouço,,Subst. Masc.,,,,,Aia (Casa) + Mora (Amarrar/Prender).,
Joa-To,,Capital (Cidade principal),,Subst. Fem.,,,,,Joa (Cabeça) + To (País/Território).,
Huo-Zura,,Crepúsculo / Fim de tarde,,Subst. Fem.,,,,,Huo (Dia) + Zura (Última/Final).,
Munto,,Assassino / Executor,,Subst. Masc.,,,,,"Muna (Morte) + Mato (Soldado). O ""Soldado da Morte"".",
Moshaia,,Tenda / Acampamento,,Subst. Fem.,,,,,"Mosha (Caminhar) + Aia (Casa). A ""Casa de Caminhar"".",
Lomsa,,Enfermaria / Hospital,,Subst. Fem.,,,,,Loma (Cama) + Sana (Socorrer/Ajudar).,
Huoma,,Banquete / Refeição farta,,Subst. Fem.,,,,,Huo (Dia) + Woma (Comer). Comer até ser dia/festa.,
Suran,,Imortal / Sobrevivente,,Subst. Masc.,,,,,Sura (Morto) + An (Não). Aquele que não morre.,
Zaji,,Vidro / Cristal,,Subst. Masc.,,,,,Som afiado e polido.,
Vara,,Papel / Pergaminho,,Subst. Fem.,,,,,Essencial para os Jōmalu (Estudiosos).,
Maza,,Lei / Justiça,,Subst. Fem.,,,,,A base da ordem nos reinos.,
Zava,,Riqueza / Tesouro,,Subst. Neutro,,,,,O acúmulo de Satera (Moedas) e Nuba (Ouro).,
Tuka,,Imposto / Tributo,,Subst. Masc.,,,,,O que os Uro cobram aos Uela (Camponeses).,
Gura,,Canção / Hino,,Subst. Fem.,,,,,O que os Refa (Bardos) tocam na taverna.,
Veneno,,Veneno / Doença,,Subst. Masc.,,,,,O oposto da cura.,
Tala,,Acordo / Promessa,,Subst. Fem.,,,,,A palavra dada entre duas pessoas.,
Ana,,Eu,,Pronome,,,,(A-na),Anok,
Ento,,Você,,Pronome,,,,(En-to),Ntok,
Nof,,Ele,,Masc.,,,,(Nof - som de o fechado),Ntof,
Nas,,Ela,,Fem.,,,,(Nás),Ntos,
Sen,,Isso/Elu,,Neutro,,,,(Sên - leve e breve),-,
Anon,,Nós,,Pronome,,,,(A-nu),Anon,
Nae,,Eles/Elas,,Pronome,,,,(Na-ê),Ntoou,
En,,Em / No / Na,,Preposição,,,,,Lugar estático (En aia).,
E,,Para / Direção,,Preposição,,,,,Movimento (Boka e Valis - Ir para a montanha).,
Hena,,Com,,Preposição,,,,,Companhia (Hena shibra).,
Nte,,De / Posse,,Preposição,,,,,Pertencimento (Sifa nte Uro).,
Na,,Bem / Bom,,Advérbio,,,,,Encurtamento de Nofra.,
Se,,Sim,,Advérbio,,,,,Encurtamento de Sena.,
An,,Não,,Advérbio,,,,,Negação curta.,
Ku,,Mal / Ruim,,Advérbio,,,,,Encurtamento de Kwaý.,
Je,,Lá / Ali,,Advérbio,,,,,"Oposto de Tai (Aqui).
antes de um título 
funciona como ""O""",
Nia,,Não (Resposta),,Interjeição,,,,,"Para responder perguntas. 
Diferente de An 
(que nega Verbos, ex: An ina = não é).",
-ma,,Honorífico de Afeto,,Honorifico,,,,"Petros-ma
(Querido Petros)","Para família, amantes e amigos muito íntimos 
(Shibra-ma).Indica que aquela pessoa é 
""parte de você"".",
-rê,,Honorífico de Grandeza,,Honorifico,,,,"Achenar-rê
(Grande Achenar)","Exclusivo para Reis, Sumos
 Sacerdotes ou entidades mágicas.
É mais alto que -k",
-li,,Honorífico Diminutivo,,Honorifico,,,,"Ihab-li, Emua-li (gatinho)","Para crianças, animais de estimação 
ou para flertar de forma brincalhona.",
-jo,,Honorífico de Mestria,,Honorifico,,,,"Domenico-jo
(Mestre Domenico)","Para alguém que é especialista no que faz
Reconhece a habilidade técnica.",
-nu,,Honorífico de Desprezo,,Honorifico,,,,"Eshot-nu
 (Comerciante trapaceiro/irrelevante).","Para prisioneiros, inimigos ou quando você quer
 ser educadamente rude, indicando que a pessoa 
é ""inferior"" ou ""irrelevante"".",
-k,,Honorífico de Respeito,,Honorifico,,,,"Petros-k
(Sr. Petros)",Respeito Padrão / Sr.,
Pe,,O,,Artigo Masc.,,,,,,
Te,,A,,Artigo Fem.,,,,,,
Ni,,O/A,,Artigo Neutro,,,,,,
Ne,,Os,,Artigo Masc.,,,,,,
Ne,,As,,Artigo Fem.,,,,,,
Ni,,Os/As,,Artigo Neutro,,,,,,
Veti,,Preço / Valor,,Subst. Masc.,,,,,Derivado de Veta (Vender).,
Aia-Baza,,Loja / Armazém,,Subst. Fem.,,,,,Aia (Casa) + Baza (Mercado).,
Noha-Mōa,,Rede (de pesca ou armadilha),,Subst. Fem.,,,,,Noha (Corda) + Mōa (Água).,
Kash-Aia,,Hospital / Curandeiro,,Subst. Fem.,,,,,Kash (Dor) + Aia (Casa). Alternativa mais grave a Lomsa.,
Panu,,Pano / Lona,,Subst. Masc.,,,,,"Para tendas ou barcos (diferente de Hebsa, que é roupa fina).",
Zajia,,Espelho,,Subst. Neutro,,,,,Derivado de Zaji (Vidro) + -ia (Lugar/Objeto). Substitui Ais para evitar confusão com Prata.,
Mato-Neba,,Cavaleiro / Nobre de Guerra,,Subst. Masc.,,,,,Mato (Soldado) + Neba (Lorde).,
Refaia,,Teatro / Palco,,Subst. Neutro,,,,,Refa (Bardo/Músico) + -ia. O lugar da música.,
Uela-Afia,,Açougueiro / Caçador de vila,,Subst. Masc.,,,,,Uela (Camponês) + Afia (Carne).,
Tota-Jom,,Trabalhador Braçal / Escravo,,Subst. Masc.,,,,,Tota (Mão) + Jom (Força).,
Kora-Hēt,,Paixão / Amor Feroz,,Subst. Masc.,,,,,Kora (Coragem) + Hēt (Coração).,
Huma-Kaki,,Terror / Pânico,,Subst. Masc.,,,,,Huma (Medo) + Kaki (Escuridão).,
Lina-Bala,,Choro de Alegria / Lágrima Boa,,Subst. Fem.,,,,,Lina (Alegria) + Bala (Olho).,
Mina-Soma,,Preguiça / Cansaço Mental,,Subst. Fem.,,,,,Mina (Mente) + Soma (Sono).,
Dira-Ka,,Depressão / Tristeza Profunda,,Subst. Fem.,,,,,"Dira (Dor) + Ka (Alma). ""Dor na alma"".",
Mina-Jora,,Teimosia / Determinação,,Subst. Fem.,,,,,"Mina (Mente) + Jora (Duro). ""Mente dura"".",
Shiba,,Casar / Unir,,Verbo,,,,,Raiz relacionada com Shibra (Amigo).,
Fota,,Dividir / Separar,,Verbo,,,,,Raiz ligada a Fotu (Quatro/Pedaços).,
Zuva,,Roubar / Saquear,,Verbo,,,,,Ação dos bandidos e inimigos.,
Zuvato,,Ladrão / Saqueador,,Subst. Masc.,,,,,Aquele que rouba.,
Hēta,,Confessar / Dizer a verdade,,Verbo,,,,,Falar do Hēt (Coração).,
Krofaia,,Ilusão / Mentira mágica,,Subst. Fem.,,,,,Krofa (Enganar) + -ia.,
Kotia,,Lareira / Forno,,Subst. Fem.,,,,,Kota (Fogo) + -ia (Lugar). Onde o fogo vive.,
Sita-Loma,,Sofá / Assento macio,,Subst. Fem.,,,,,Sita (Cadeira) + Loma (Cama).,
Uoina-Toka,,Lamparina / Lampião,,Subst. Fem.,,,,,Uoina (Luz) + Toka (Tocha). Uma tocha de luz controlada.,
Aia-Mōa,,Poço / Banho,,Subst. Fem.,,,,,Aia (Casa) + Mōa (Água). A casa da água.,
Oika-Ushē,,Ceia / Jantar,,Subst. Neutro,,,,,Oika (Comida) + Ushē (Noite).,
Hoja,,Rosto / Face,,Subst. Fem.,,,,,Raiz nova. Onde as emoções aparecem.,
Kas,,Osso,,Subst. Masc.,,,,,Raiz nova. Estrutura do corpo.,
Ken,,Peito / Tórax,,Subst. Masc.,,,,,Onde repousa o coração (Hēt).,
Baka,,Costas,,Subst. Fem.,,,,,Oposto de Ken.,
Rem,,Ombro,,Subst. Masc.,,,,,Onde se carrega peso.,
Kele,,Joelho,,Subst. Masc.,,,,,Articulação principal.,
Kala-kas,,Unha / Garra,,Subst. Fem.,,,,,Kala (Dedo) + Kas (Osso).,
Nif-hēt,,Pulmão,,Subst. Masc.,,,,,Nif (Sopro/Ar) + Hēt (Coração/Centro).,
Senofa-kama,,Veneno no sangue / Infecção,,Subst. Masc.,,,,,Senofa (Sangue) + Kama (Escuro).,
Mōa-jom,,Suor,,Subst. Neutro,,,,,Mōa (Água) + Jom (Esforço/Força).,
Haka-an,,Surdo,,Adjetivo,,,,,Haka (Ouvido) + An (Não).,
Sema-an,,Mudo,,Adjetivo,,,,,Sema (Voz) + An (Não).,
Kash-ina,,Doente,,Adjetivo,,,,,Estar (Ina) em dor (Kash).,
Onha-na,,Saudável,,Adjetivo,,,,,Onha (Vida) + Na (Boa).,
Hala-artē,,Águia / Falcão,,Subst. Masc.,,,,,Hala (Pássaro) + Artē (Supremo).,
Kruk-kota,,Dragão / Wyrm,,Subst. Masc.,,,,,Kruk (Monstro) + Kota (Fogo).,
Pinu,,Rato / Roedor,,Subst. Masc.,,,,,Animal pequeno que rouba grãos.,
Grog,,Inseto / Bicho pequeno,,Subst. Masc.,,,,,Som gutural/rastejante.,
Grog-noha,,Aranha,,Subst. Fem.,,,,,Inseto (Grog) da corda/teia (Noha).,
Grog-jom,,Formiga,,Subst. Fem.,,,,,Inseto forte (Jom).,
Kro,,Sapo / Rã,,Subst. Masc.,,,,,Onomatopeia do som do sapo.,
Posh,,Porco / Javali,,Subst. Masc.,,,,,Animal de abate ou selvagem.,
Shēn-hato,,Cervo / Veado,,Subst. Masc.,,,,,Shēn (Árvore/Bosque) + Hato (Cavalo).,
Hala-kama,,Corvo,,Subst. Masc.,,,,,Pássaro (Hala) Negro (Kama).,
Kaio,,Marrom / Castanho (Cor),,Adjetivo,,,,,Derivado de Kaia (Terra).,
Kama-woba,,Cinza (Cor),,Adjetivo,,,,,Mistura de Preto e Branco.,
Kaia-mōa,,Lamaçal (Área grande),,Subst. Neutro,,,,,Kaia (Terra) + Mōa (Água).,
Hroa-kaki,,Abismo / Fosso profundo,,Subst. Masc.,,,,,Hroa (Caverna) + Kaki (Trevas).,
Valis-shota,,Penhasco,,Subst. Masc.,,,,,Montanha cortada (Shota).,
Shua-kas,,Cinzas (de fogueira),,Subst. Fem.,,,,,"O ""Osso"" (resto) da fumaça/fogo.",
Kouji-shēn,,Arbusto / Moita,,Subst. Fem.,,,,,Árvore pequena.,
Sifra-shēn,,Espinho,,Subst. Masc.,,,,,"O ""Afiado"" da árvore.",
Wota-kaia,,Musgo,,Subst. Neutro,,,,,O verde (Wota) da terra (Kaia).,
Mata,,Martelo,,Subst. Masc.,,,,,Ferramenta pesada.,
Sifra-shea,,Machado de lenhador,,Subst. Masc.,,,,,Cortador (Sifra) de madeira (Shea).,
Oika-botia,,Panela / Caldeirão,,Subst. Fem.,,,,,O frasco/pote da comida (Oika).,
Gaba-rata,,Roda,,Subst. Fem.,,,,,"O ""Pé"" da carroça (Gaba).",
Kouji-sifra,,Agulha,,Subst. Fem.,,,,,Lâmina pequenina.,
Kouji-noha,,Linha / Fio,,Subst. Fem.,,,,,Corda pequenina.,
Uro-sita,,Trono,,Subst. Fem.,,,,,Cadeira do Rei.,
Uro-joa,,Coroa,,Subst. Fem.,,,,,Cabeça (enfeite) do Rei.,
Nisha-yara,,Navio (Grande),,Subst. Masc.,,,,,Barco grande.,
Yara-aia,,Porto / Cais,,Subst. Neutro,,,,,Casa dos barcos.,
Surah-jora,,Queijo,,Subst. Neutro,,,,,Leite (Surah) duro (Jora).,
Hala-uma,,Ovo,,Subst. Neutro,,,,,A comida/fruto do pássaro (Hala).,
Mōa-oika,,Sopa rala / Caldo,,Subst. Neutro,,,,,Água com comida.,
Hekta-jora,,Bebida forte / Licor,,Subst. Neutro,,,,,Cerveja (Hekta) forte (Jora).,
Hepa-bana,,Vinho doce,,Subst. Neutro,,,,,Vinho com sabor a tâmara/fruta.,
Kota-woma,,Carne Assada / Churrasco,,Subst. Neutro,,,,,Comer (Woma) do fogo (Kota).,
Banio,,Doce (Sabor),,Adjetivo,,,,,Derivado de Bana (Tâmara).,
Kemio,,Salgado (Sabor),,Adjetivo,,,,,Derivado de Kem (Sal).,
Kopo-shea,,Caneca de madeira,,Subst. Masc.,,,,,Copo de taverna.,
Zava-ko,,Rico / Endinheirado,,Adjetivo,,,,,Aquele que tem (Ko) riqueza (Zava).,
Zava-an,,Pobre / Miserável,,Adjetivo,,,,,Sem (An) riqueza.,
Mōa-mosha,,Nadar,,Verbo,,,,,Caminhar (Mosha) na água (Mōa).,
Aha-rata,,Pular / Saltar,,Verbo,,,,,Levantar (Aha) o pé (Rata).,
Sema-gura,,Cantar,,Verbo,,,,,Dar voz (Sema) à canção (Gura).,
Sema-nisha,,Gritar,,Verbo,,,,,Voz grande.,
Lisha-mosha,,Dançar,,Verbo,,,,,Caminhar alegre/sorrindo (Lisha).,
Tia-muna,,Matar (assassinar),,Verbo,,,,,Dar (Tia) a morte (Muna).,
Tia-onha,,Curar (magia ou medicina),,Verbo,,,,,Dar a vida (Onha).,
Ua-gema,,Procurar / Buscar,,Verbo,,,,,Querer (Ua) encontrar (Gema).,
Raha-holo,,Limpar completamente,,Verbo,,,,,Lavar tudo (Holo).,
Tia-oma,,Sujar,,Verbo,,,,,Dar lama (Oma).,
Ama-bra,,Abraçar,,Verbo,,,,,Segurar (Ama) o braço (Bra).,
Kouji-lisha,,Sorrir,,Verbo,,,,,Rir pequeno.,
Shota-shea,,Cortar lenha,,Verbo,,,,,Fatiar madeira.,
Jia-tebta,,Pescar,,Verbo,,,,,Pegar peixe.,
Tami-afia,,Assar / Preparar carne,,Verbo,,,,,Cozinhar a carne.,
Kouji-faka,,Punhal / Adaga,,Subst. Masc.,,,,,Faca pequena (fácil de esconder).,
Misha-mata,,Machado de Batalha,,Subst. Masc.,,,,,Martelo/Machado de lutar.,
Nisha-romena,,Pique / Lança longa,,Subst. Fem.,,,,,Usada contra cavalaria.,
Joa-hopsa,,Capacete / Elmo,,Subst. Neutro,,,,,Armadura de cabeça.,
Tota-hebsa,,Luva / Manopla,,Subst. Fem.,,,,,Roupa de mão.,
Rata-aroma,,Bota de Couro,,Subst. Fem.,,,,,Sapato resistente.,
Mato-moshaia,,Tenda militar,,Subst. Fem.,,,,,Acampamento de soldado.,
Hapa-mato,,Espião,,Subst. Masc.,,,,,Soldado do oculto/segredo (Hapa).,
Mato-uro,,General / Comandante,,Subst. Masc.,,,,,O Rei dos soldados.,
Matu-joma,,Tratado de Paz / Aliança,,Subst. Neutro,,,,,O livro (Joma) da Paz (Matu).,
Heka-kota,,Magia de Fogo / Bola de Fogo,,Subst. Neutro,,,,,Magia do elemento fogo.,
Heka-sana,,Magia de Cura,,Subst. Neutro,,,,,Feitiço médico.,
Heka-tiu,,Magia de Vento (Lufada),,Subst. Neutro,,,,,Magia de empurrar.,
Heka-kaki,,Necromante / Mago das trevas,,Subst. Masc.,,,,,Mago da escuridão.,
Rasta-naya,,Clarividência / Visão do futuro,,Subst. Fem.,,,,,Ver (Naya) o amanhã (Rasta).,
Senofa-derva,,Maldição de Sangue,,Subst. Fem.,,,,,Feitiço negro ligado à linhagem.,
Heka-tora,,Círculo Mágico,,Subst. Fem.,,,,,Fronteira mágica de proteção.,
Heka-joma,,Grimório / Livro de Feitiços,,Subst. Neutro,,,,,Livro de poder.,
Soka-ka,,Invocação,,Subst. Fem.,,,,,Puxar (Soka) uma alma/espírito (Ka).,
Heka-mōa,,Poção mágica,,Subst. Neutro,,,,,Água com poder.,
Sashfa-huo,,Semana,,Subst. Fem.,,,,,Sete dias.,
She-rompa,,Século,,Subst. Masc.,,,,,Cem anos.,
Huo-bera,,Madrugada / Alvorada,,Subst. Masc.,,,,,"O dia ""novo"".",
Kau-huo,,Meio-dia,,Subst. Masc.,,,,,O meio do dia.,
Kau-ushē,,Meia-noite,,Subst. Fem.,,,,,O meio da noite.,
Iota-pasa,,Avô,,Subst. Masc.,,,,,Pai velho.,
Mava-pasa,,Avó,,Subst. Fem.,,,,,Mãe velha.,
Sona-iota,,Tio,,Subst. Masc.,,,,,Irmão do pai (ou da mãe).,
Sōni-mava,,Tia,,Subst. Fem.,,,,,Irmã da mãe.,
Shiro-sona,,Sobrinho,,Subst. Masc.,,,,,Filho do irmão(ã).,
Shira-sona,,Sobrinha,,Subst. Fem.,,,,,Filha do irmão(ã).,
Alu-shibra,,Primo / Parente Jovem,,Subst. Neutro,,,,,Jovem amigo/aliado da família.,
Mava-an,,Órfão / Órfã,,Subst. Neutro,,,,,Aquele sem mãe/pais.,
Shiba-muna,,Viúvo(a),,Subst. Neutro,,,,,A união (Shiba) rompida pela morte (Muna).,
Aia-shiba,,Casamento / Família unida,,Subst. Fem.,,,,,A casa unida.,
Huma-bera,,Ansiedade / Tensão,,Subst. Masc.,,,,,Medo do novo/do que virá.,
Kora-naya,,Esperança,,Subst. Fem.,,,,,A coragem de ver (o futuro).,
Bala-kaki,,Inveja / Ciúme,,Subst. Fem.,,,,,"O ""olho escuro"".",
Joa-artē,,Orgulho / Altivez,,Subst. Masc.,,,,,Cabeça alta.,
Hēt-kash,,Culpa / Arrependimento,,Subst. Fem.,,,,,Dor no coração.,
Hēt-raha,,Perdão / Misericórdia,,Subst. Masc.,,,,,Lavar o coração.,
Mina-snava,,Dúvida / Incerteza,,Subst. Fem.,,,,,Mente dupla (dividida).,
Mina-wa,,Certeza,,Subst. Fem.,,,,,Mente única.,
Rētia-na,,Boa Sorte / Benção,,Subst. Fem.,,,,,Sorte pura (Rētia) boa (Na).,
Rētia-ku,,Azar / Maldição,,Subst. Fem.,,,,,Sorte ruim (Ku).,
Rina-na,,Honra / Glória,,Subst. Fem.,,,,,Nome bom.,
Rina-kaki,,Desonra / Vergonha,,Subst. Fem.,,,,,Nome manchado/escuro.,
Tumb-nisha,,Gordo / Farto,,Adjetivo,,,,,Barriga grande.,
Kas-naya,,Magro / Famélico,,Adjetivo,,,,,Osso à vista (visível).,
Rata-artē,,Alto (Pessoa),,Adjetivo,,,,,Pé alto.,
Rata-kouji,,Baixo (Pessoa),,Adjetivo,,,,,Pé pequeno.,
Jom-an,,Fraco / Exausto,,Adjetivo,,,,,Sem força.,
Soma-an,,Acordado / Desperto,,Adjetivo,,,,,Sem sono.,
Hekta-feno,,Bêbado / Ébrio,,Adjetivo,,,,,Cerveja demais.,
Hekta-an,,Sóbrio,,Adjetivo,,,,,Sem cerveja (ou vinho).,
Joa-sura,,Louco / Insano,,Adjetivo,,,,,Cabeça vazia/morta.,
Joa-joma,,Inteligente / Sábio,,Adjetivo,,,,,Cabeça de livro (cheia de conhecimento).,
Mina-bula,,Burro / Tolo,,Adjetivo,,,,,Mente cega (não afiada).,
Huma-feno,,Covarde,,Adjetivo,,,,,Medo demais.,
Ona-sodia,,Muro de Pedra,,Subst. Fem.,,,,,Muralha feita de rocha.,
Hroa-mōa,,Fosso (de castelo),,Subst. Masc.,,,,,Buraco/Caverna com água.,
Hira-kaki,,Beco / Viela,,Subst. Fem.,,,,,Rua escura.,
Hato-aia,,Estábulo,,Subst. Neutro,,,,,Casa do cavalo.,
Benipa-hroa,,Mina (de minérios),,Subst. Fem.,,,,,Caverna de ferro.,
Naya-turia,,Torre de Vigia,,Subst. Fem.,,,,,Torre de ver.,
Kas-ona,,Estátua,,Subst. Fem.,,,,,"O ""osso"" de pedra.",
Muna-ona,,Túmulo / Lápide,,Subst. Fem.,,,,,Pedra da morte.,
Shea-mosha,,Carruagem / Vagão,,Subst. Fem.,,,,,Madeira que anda.,
Zaji-uola,,Vitral / Janela de vidro,,Subst. Fem.,,,,,Janela de cristal.,
Kalk-satera,,Moeda de Cobre,,Subst. Fem.,,,,,Dinheiro dos pobres (Kalk = Cobre).,
Nuna-wota,,Semente,,Subst. Fem.,,,,,Raiz verde (que vai nascer).,
Oma-hrēra,,Cogumelo,,Subst. Masc.,,,,,Flor da lama.,
Wotia-sana,,Erva medicinal,,Subst. Fem.,,,,,Folha de ajudar/curar.,
Oika-nuna,,Trigo / Grãos,,Subst. Masc.,,,,,A raiz (base) da comida.,
Uma-tresha,,Maçã (ou fruta vermelha),,Subst. Neutro,,,,,Fruta vermelha.,
Noha-shēn,,Cipó / Hera trepadeira,,Subst. Fem.,,,,,Corda da árvore.,
Shoita-valis,,Duna de areia,,Subst. Fem.,,,,,Montanha de areia.,
Toyoma,,Península / Cabo,,Subst. Masc.,,,,,País/Terra no mar.,
Yoma-kopa,,Baía / Golfo,,Subst. Fem.,,,,,Porta do mar.,
Siua-he,,Estrela Cadente,,Subst. Fem.,,,,,Estrela que cai.,
Ioha-kama,,Eclipse Lunar,,Subst. Fem.,,,,,Lua preta/escura.,
Rêa-kama,,Eclipse Solar,,Subst. Masc.,,,,,Sol escuro.,
Mōa-jafra,,Geada / Orvalho frio,,Subst. Neutro,,,,,Água de gelo.,
Kas-sifa,,Espada de Osso,,Subst. Fem.,,,,,Arma de bárbaros/tribais.,
Sote-noha,,Balista (Arco gigante),,Subst. Fem.,,,,,Flecha de corda pesada.,
Benipa-noha,,Corrente,,Subst. Fem.,,,,,Corda de ferro.,
Aba-benipa,,Fechadura / Cadeado,,Subst. Masc.,,,,,"O ""abrir"" de ferro.",
Kota-kas,,Brasa viva,,Subst. Fem.,,,,,O osso do fogo.,
Mōa-botia,,Cantil / Odre de água,,Subst. Fem.,,,,,Garrafa de água.,
Tami-faka,,Cutelo / Faca de cozinha,,Subst. Masc.,,,,,Faca de cozinhar.,
Oika-shea,,Tigela / Cumbuca,,Subst. Fem.,,,,,Madeira da comida.,
Raha-mōa,,Balde / Bacia,,Subst. Masc.,,,,,Água de lavar.,
Tota-shota,,Tesoura,,Subst. Fem.,,,,,Mão de fatiar/cortar.,
Raha-shea,,Vassoura,,Subst. Fem.,,,,,Madeira de limpar/lavar.,
Kaba-joa,,Capuz,,Subst. Masc.,,,,,Capa da cabeça.,
Nif-hebsa,,Cachecol / Manta de pescoço,,Subst. Masc.,,,,,Roupa do sopro/respiração.,
Bra-nuba,,Bracelete (de Ouro),,Subst. Masc.,,,,,Joia de braço.,
Lasa-benipa,,Fivela de cinto,,Subst. Fem.,,,,,O ferro do cinto.,
Hebsa-jafa,,Casaco pesado,,Subst. Masc.,,,,,Roupa para o frio.,
Joa-he,,Curvar-se / Reverenciar,,Verbo,,,,,Cair a cabeça.,
Kele-he,,Ajoelhar-se,,Verbo,,,,,Cair o joelho.,
Bala-klo,,Piscar / Ignorar algo,,Verbo,,,,,Fechar o olho.,
Sema-klo,,Calar-se / Silenciar,,Verbo,,,,,Fechar a voz.,
Mina-aba,,Entender / Aprender,,Verbo,,,,,Abrir a mente.,
Joma-tamia,,Ensinar,,Verbo,,,,,"""Fazer o livro"" na mente do outro.",
Mato-tamia,,Treinar (para guerra),,Verbo,,,,,Fazer o soldado.,
Satera-tamia,,Lucrar / Enriquecer,,Verbo,,,,,Fazer moeda.,
Tota-jia,,Furtar / Puxar rápido,,Verbo,,,,,Pegar com a mão (mais sorrateiro que Zuva).,
Muna-he,,Desmaiar,,Verbo,,,,,Cair morto (metafórico).,
Onha-koto,,Ressuscitar / Acordar,,Verbo,,,,,Voltar para a vida.,
Dira-tia,,Torturar / Machucar,,Verbo,,,,,Dar dor.,
Hapa-saja,,Sussurrar,,Verbo,,,,,Falar oculto.,
Zuva-nahta,,Resgatar / Salvar,,Verbo,,,,,Proteger do saque/morte.,
Nuba-hamata,,Joalheiro / Ourives,,Subst. Masc.,,,,,Ferreiro de ouro.,
Yara-mato,,Marinheiro / Pirata,,Subst. Masc.,,,,,Soldado do barco.,
Oika-hamsha,,Padeiro / Cozinheiro chefe,,Subst. Masc.,,,,,Construtor de pão.,
Hepa-eshot,,Dono de Taverna,,Subst. Masc.,,,,,Comerciante de vinho.,
Aia-nayato,,Guarda de Castelo,,Subst. Masc.,,,,,Vigia da casa.,
Zarakura-uro,,Imperador Absoluto,,Subst. Masc.,,,,,Rei do continente inteiro.,
Kruk-muia,,Quimera / Fera de Leão,,Subst. Masc.,,,,,Leão monstruoso.,
Hato-woba,,Unicórnio (ou Cavalo puro),,Subst. Masc.,,,,,Cavalo branco.,
Tebta-nisha,,Baleia / Monstro Marinho,,Subst. Fem.,,,,,Peixe enorme.,
Hofa-yoma,,Serpente Marinha,,Subst. Fem.,,,,,Cobra do mar.,
Muia-kama,,Pantera / Fera das sombras,,Subst. Fem.,,,,,Leão preto.,
Uonsha-bera,,Filhote de Lobo,,Subst. Masc.,,,,,Lobo novo.,
Nuter,,Sagrado / Divino,,Adjetivo,,,,,Da raiz egípcia para deuses (Neter).,
Maati,,Balança / Justiça,,Subst. Fem.,,,,,Ligado a Maa (Verdade).,
Sesha,,Escriba / Sacerdote letrado,,Subst. Masc.,,,,,Aquele que domina o Joma.,
Basti,,Incenso / Perfume sagrado,,Subst. Neutro,,,,,Usado nos rituais de Kalinor.,
Akhi,,Guardião / Espírito iluminado,,Subst. Masc.,,,,,Diferente do fantasma ruim (Kashua).,
Wasa,,Cetro / Cajado de poder,,Subst. Masc.,,,,,O que o Uro ou o Heka carrega.,
Jeda,,Pilar / Coluna,,Subst. Fem.,,,,,Sustenta o templo (Erpe).,
Saba,,Portão divino / Arco sagrado,,Subst. Masc.,,,,,Entrada de um lugar místico.,
Anpu,,Chacal / Cão do deserto,,Subst. Masc.,,,,,Animal ligado às tumbas.,
Duata,,Purgatório / O Submundo,,Subst. Neutro,,,,,Para onde os mortos vão.,
Zali,,Altar (de sacrifício ou oração),,Subst. Masc.,,,,,Centro religioso.,
Kori,,Âmago / Essência profunda,,Subst. Fem.,,,,,"O ""fundo"" da alma de alguém.",
Peni,,Penitência / Jejum,,Subst. Fem.,,,,,Sacrifício para os deuses.,
Sekem,,Autoridade / Presença imponente,,Subst. Masc.,,,,,A aura de um governante.,
Khen,,Bote / Canoa rápida,,Subst. Fem.,,,,,Barco menor que Yara.,
Rifu,,Mastro (de navio),,Subst. Masc.,,,,,Onde se prende a Vela.,
Lova,,Leme (Direção),,Subst. Masc.,,,,,A direção do barco.,
Koru,,Âncora,,Subst. Fem.,,,,,O peso que segura o barco.,
Vash,,Maré / Corrente oceânica,,Subst. Fem.,,,,,O ritmo do mar (Yoma).,
Tasha,,Mapa náutico / Planta,,Subst. Fem.,,,,,Específico para desenho técnico.,
Suli,,Rastro / Sulco na terra ou água,,Subst. Masc.,,,,,O caminho deixado para trás.,
Tabi,,Tábua / Prancha,,Subst. Fem.,,,,,Pedaço cortado de Shea (Madeira).,
Zeto,,Azeite / Óleo,,Subst. Neutro,,,,,Usado para cozinhar e iluminar.,
Gali,,Onda gigante (Tsunami),,Subst. Fem.,,,,,Diferente da ondinha normal da praia.,
Baku,,Ofício / Trabalho braçal,,Subst. Neutro,,,,,O esforço de um camponês.,
Pera,,Pérola,,Subst. Fem.,,,,,A joia que vem da água.,
Mōma,,Água Termal / Chá,,Subst. Neutro,,,,,Fusão de Mōa (Água) + Homa (Quente).,
Uraia,,Palácio Real,,Subst. Fem.,,,,,Fusão de Uro (Rei) + Aia (Casa).,
Hekato,,Mago de Batalha / Inquisidor,,Subst. Masc.,,,,,Fusão de Heka (Magia) + Mato (Soldado).,
Jokash,,Enxaqueca / Preocupação,,Subst. Fem.,,,,,Fusão de Joa (Cabeça) + Kash (Dor).,
Kakila,,Visão Noturna,,Subst. Fem.,,,,,Fusão de Kaki (Trevas) + Bala (Olho).,
Rēhuo,,Verão / Estação do Sol,,Subst. Masc.,,,,,Fusão de Rêa (Sol) + Huo (Dia).,
Jafira,,Inverno / Era do Frio,,Subst. Fem.,,,,,Fusão de Jafa (Frio) + Sira (Estação).,
Sunjoma,,Enciclopédia / Compêndio,,Subst. Masc.,,,,,Fusão de Suna (Saber) + Joma (Livro).,
Ushoma,,Ceia / Jantar,,Subst. Neutro,,,,,Fusão de Ushē (Noite) + Woma (Comer).,
Valona,,Pedregulho maciço,,Subst. Fem.,,,,,Fusão de Valis (Montanha) + Ona (Pedra).,
Hapsaja,,Sussurro / Segredo,,Subst. Fem.,,,,,Fusão de Hapa (Segredo) + Saja (Falar).,
Onamuna,,Ciclo da Vida / Reencarnação,,Subst. Fem.,,,,,Fusão de Onha (Vida) + Muna (Morte).,
Tebyara,,Barco Pesqueiro,,Subst. Fem.,,,,,Fusão de Tebta (Peixe) + Yara (Barco).,
Kotoka,,Fogueira de acampamento,,Subst. Fem.,,,,,Fusão de Kota (Fogo) + Toka (Tocha).,
Bazaia,,Loja / Estabelecimento,,Subst. Fem.,,,,,Fusão de Baza (Mercado) + Aia (Casa).,
Kalruka,,Aliança (de casamento),,Subst. Masc.,,,,,Fusão de Kala (Dedo) + Ruka (Anel).,
Nahtodia,,Baluarte / Fortaleza invencível,,Subst. Fem.,,,,,Fusão de Nahta (Proteger) + Sodia (Muralha).,
Satola,,Cofre / Tesouraria,,Subst. Fem.,,,,,Fusão de Satera (Moeda) + Lola (Bolsa).,
Humruk,,Pesadelo,,Subst. Masc.,,,,,Fusão de Huma (Medo) + Kruk (Monstro).,
Masaja,,Juramento / Promessa solene,,Subst. Fem.,,,,,Fusão de Maa (Verdade) + Saja (Falar).,
Jolsaja,,Calúnia / Difamação,,Subst. Fem.,,,,,Fusão de Jol (Mentira) + Saja (Falar).,
Nishōa,,Oceano / Mar aberto,,Subst. Masc.,,,,,Fusão de Nisha (Grande) + Mōa (Água).,
Kousifa,,Adaga oculta,,Subst. Fem.,,,,,Fusão de Kouji (Pequeno) + Sifa (Espada).,
Tepiala,,Anjo / Mensageiro de Kalinor,,Subst. Masc.,,,,,Fusão de Tepia (Céu) + Hala (Pássaro).,
Minash,,Trauma / Loucura,,Subst. Masc.,,,,,Fusão de Mina (Mente) + Kash (Dor).,
Zabatiu,,Tornado / Ciclone,,Subst. Masc.,,,,,Fusão de Zaba (Tempestade) + Tiu (Vento).,
Munshota,,Carrasco / Executor,,Subst. Masc.,,,,,Fusão de Muna (Morte) + Shota (Cortar).,
Uromina,,Decreto Real,,Subst. Fem.,,,,,Fusão de Uro (Rei) + Mina (Pensamento).,
Shēnkaki,,Bosque Assombrado,,Subst. Fem.,,,,,Fusão de Shēn (Árvore) + Kaki (Trevas).,
Kaiabera,,Colônia / Terra Nova,,Subst. Fem.,,,,,Fusão de Kaia (Terra) + Bera (Nova).,
Oikatami,,Cozinheiro chefe,,Subst. Masc.,,,,,Pão/Comida + Criar.,
Sheahamsha,,Marceneiro / Lenhador,,Subst. Masc.,,,,,Madeira + Construtor.,
Hekajoma,,Grimório Mágico,,Subst. Neutro,,,,,Magia + Livro.,
Aiskopa,,Portal Mágico / Espelho portal,,Subst. Fem.,,,,,Espelho + Passagem.,
Kaiamōa,,Pântano,,Subst. Neutro,,,,,Terra + Água.,
Siuahe,,Meteoro / Asteroide,,Subst. Fem.,,,,,Estrela + Cair.,
Nebato,,Governador provincial,,Subst. Masc.,,,,,Lorde + Território.,
Pitesote,,Arqueiro de exército,,Subst. Masc.,,,,,Arco + Flecha.,
Saterako,,Mercador rico,,Subst. Masc.,,,,,Moeda + Ter (Aquele que tem moedas).,
Mōamosha,,Nadador,,Subst. Masc.,,,,,Água + Caminhar.,
Huozura,,Pôr do sol,,Subst. Masc.,,,,,Dia + Final.,
Hajahuo,,Madrugada,,Subst. Fem.,,,,,Antes + Dia.,
Joato,,Capital do Reino,,Subst. Fem.,,,,,Cabeça + País.,
Aiamora,,Masmorra,,Subst. Fem.,,,,,Casa + Prender.,
Sitamuna,,Cadeira de Execução,,Subst. Fem.,,,,,Cadeira + Morte.,
Hekakaki,,Necromante / Bruxo sombrio,,Subst. Masc.,,,,,Magia + Trevas.,
Joahopsa,,Capacete de guerra,,Subst. Neutro,,,,,Cabeça + Armadura.,
Ratabera,,Início / Primeiro passo,,Subst. Masc.,,,,,Pé + Novo.,
Semanisha,,Grito de guerra,,Subst. Fem.,,,,,Voz + Grande.,
Mōabala,,Lágrima,,Subst. Fem.,,,,,Água + Olho.,
Uro-Kalinor,,Rei-Sacerdote (Líder da Fé),,Título,,,,,Não se funde o título humano com o Deus.,
Kaia-Maa,,O Mundo Conhecido / A Terra Prometida,,Subst. Fem.,,,,,"Literalmente ""Terra da Verdade"".",
Mato-Yoma,,Marinheiro de Guerra / Fuzileiro,,Subst. Masc.,,,,,Para separar do marinheiro comum (Yara-mato).,
Joma-Nutais,,A Bíblia / Livro dos Deuses,,Subst. Neutro,,,,,Título literário religioso.,
Sifa-Wana,,Espada Sagrada / Relíquia Divina,,Subst. Fem.,,,,,"Trata-se de um artefato único, não uma espada mágica comum (Hekasifa).",
Hēt-Senra,,Pacto de Sangue / Vínculo de Alma,,Subst. Masc.,,,,,A união inquebrável (Coração + Irmão de vida).,
Ushē-Kruk,,Lobisomem / Besta da Noite,,Subst. Masc.,,,,,Entidade mítica de Leovalis.,
Abol-Zarakura,,O Forasteiro / Alienígena,,Subst. Masc.,,,,,"""Aquele que vem de fora de Zarakura"".",
Tiu-Kouji,,Brisa (Termo poético),,Subst. Masc.,,,,,Usado na literatura para se referir ao dom de Auray-ctun.,
Neba-Baza,,Mestre da Guilda de Comércio,,Título,,,,,Senhor do Mercado (Cargo político).,
Eshala,,Embora / Ainda que,,Conjunção,,,,,Aglutinação: Esha (Se) + Ala (Mas).,
Teran,,Senão / Do contrário,,Conjunção,,,,,Aglutinação: Tera (Então) + An (Não).,
Hosna,,Assim como / Tal qual,,Conjunção,,,,,Aglutinação: Hos (Como) + Na (Bom).,
Anta,,Enquanto / Durante,,Conjunção,,,,,Nova: Da raiz copta Hent.,
Jeahos,,Contanto que / Desde que,,Conjunção,,,,,Aglutinação: Jea (Que) + Hos (Como).,
Auha,,Além disso / E também,,Conjunção,,,,,Aglutinação: Au (E) + Hau (Mais).,
Vea,,Tanto faz / Qualquer (Opção),,Conjunção,,,,,Nova: Alternativa rápida para Ea (Ou).,
Mut,,"Nem (Nem isso, nem aquilo)",,Conjunção,,,,,Nova: Da raiz copta Mpe (negação dupla).,
Nuta,,Logo / Portanto (Conclusão),,Conjunção,,,,,Nova: Relacionado com lógica e destino (Numa).,
Fasa,,Até que,,Conjunção,,,,,Nova: Derivado de Fas (Ciclo/Fase).,
Bira,,Através de / Pelo meio,,Preposição,,,,,Nova: Movimento de atravessar.,
Kauia,,Ao redor de / Em volta,,Preposição,,,,,Aglutinação: Kau (Meio) + -ia (Lugar).,
Rasa,,Contra / Em oposição a,,Preposição,,,,,Nova: Derivado de Rasi (Sul/Abaixo).,
Ehro,,Além de / Mais longe que,,Preposição,,,,,Aglutinação: Variação de Ehra (Acima).,
Khash,,Perto de / Próximo a,,Preposição,,,,,"Nova: Como Lē, mas para conceitos abstratos ou tempo.",
Pahu,,Atrás de / Atrás,,Preposição,,,,,Nova: Da raiz copta Pahou.,
Hojan,,Diante de / Perante,,Preposição,,,,,Aglutinação: Hoja (Rosto/Face) + En (Em).,
Sula,,Seguindo / Ao longo de,,Preposição,,,,,Aglutinação: Derivado de Suli (Rastro/Sulco).,
Abolna,,A respeito de / Sobre (um tema),,Preposição,,,,,Aglutinação: Abol (De) + Na (Bem).,
Menan,,Exceto / Sem considerar,,Preposição,,,,,Aglutinação: Mena (Depois) + An (Não).,
Tika,,Rapidamente / Depressa,,Advérbio,,,,,"Nova: Som percussivo, similar a Taka (Ataque).",
Moni,,Lentamente,,Advérbio,,,,,Aglutinação: De Mona (Lento).,
Jori,,Fortemente,,Advérbio,,,,,Aglutinação: De Jora (Forte).,
Suri,,Fatalmente / Mortalmente,,Advérbio,,,,,Aglutinação: De Sura (Morte/Vazio).,
Nafi,,Belamente / Muito bem,,Advérbio,,,,,Aglutinação: De Nefa (Belo) + sufixo adverbial -i.,
Kaku,,Secretamente / Às escuras,,Advérbio,,,,,Aglutinação: De Kaki (Trevas).,
Pouan,,Atualmente / Hoje em dia,,Advérbio,,,,,Aglutinação: Poua (Hoje) + An.,
Tash,,Constantemente / O tempo todo,,Advérbio,,,,,Nova: Ação contínua.,
Safan,,Antigamente / No passado,,Advérbio,,,,,Aglutinação: Safa (Ontem) + An.,
Jen,,Longe,,Advérbio,,,,,Aglutinação: Je (Lá) + En (Em).,
Taia,,De perto / Aqui mesmo,,Advérbio,,,,,Aglutinação: Tai (Aqui) + -a.,
Enea,,Quase / Por pouco,,Advérbio,,,,,Nova: Derivada de Ene (Sempre).,
Zani,,Nunca mais / De jeito nenhum,,Advérbio,,,,,Aglutinação: Zan (Nada) + -i.,
Ashi,,Certamente / Sem dúvida,,Advérbio,,,,,Nova: Afirmação forte.,
Boni,,Apenas / Somente,,Advérbio,,,,,Nova: Exclusão.,
Tumi,,Junto / Em conjunto,,Advérbio,,,,,Nova: Ação coletiva.,
Feni,,Exageradamente,,Advérbio,,,,,Aglutinação: De Feno (Demais).,
Shani,,Levemente / Um pouco,,Advérbio,,,,,Aglutinação: De Shan (Menos).,
Hosi,,Igualmente / Do mesmo modo,,Advérbio,,,,,Aglutinação: De Hos (Como).,
Ruti,,De repente / Subitamente,,Advérbio,,,,,Nova: Surpresa.,
Nim,,Alguém,,Pronome,,,,,Aglutinação: Encurtamento de Nima (Quem).,
Asho,,Algo / Alguma coisa,,Pronome,,,,,Aglutinação: Encurtamento de Asha (O que).,
Nimzan,,Ninguém,,Pronome,,,,,Aglutinação: Nima (Quem) + Zan (Nada).,
Holnim,,Todos / Todo mundo,,Pronome,,,,,Aglutinação: Holo (Tudo) + Nim (Alguém).,
Ipan,,Si mesmo (Reflexivo),,Pronome,,,,,"Aglutinação: De Ipa (Mesmo). ""Ele feriu a si mesmo"".",
Alyan,,Os outros / Os demais,,Pronome,,,,,Aglutinação: De Alya (Outro).,
Keta,,Cada / Cada um,,Pronome,,,,,Nova: Distributivo.,
Uera,,Vários / Diversos,,Pronome,,,,,Aglutinação: De Uer (Quantos).,
Mashi,,Qualquer / Qualquer um,,Pronome,,,,,Nova: Indefinido abrangente.,
Eshan,,Ambos / Os dois,,Pronome,,,,,Nova: Conceito dual muito usado em Carnenia.,
Lelaia,,Liso / Escorregadio,,Adjetivo,,,,,Aglutinação: De Lela (Macio).,
Kosaia,,Áspero / Rugoso,,Adjetivo,,,,,Aglutinação: De Kosa (Seco).,
Jafria,,Indiferente / Apático,,Adjetivo,,,,,Aglutinação: Mente fria (Jafra).,
Homina,,Caloroso / Acolhedor,,Adjetivo,,,,,Aglutinação: Homa (Quente) + Mina (Mente).,
Jolna,,Falso / Traiçoeiro (Pessoa),,Adjetivo,,,,,Aglutinação: Jol (Mentira) + Na (Tendência a).,
Maana,,Justo / Correto,,Adjetivo,,,,,Aglutinação: Maa (Verdade) + Na.,
Hētna,,Generoso / Bondoso,,Adjetivo,,,,,Aglutinação: Hēt (Coração) + Na.,
Kashna,,Cruel / Sádico,,Adjetivo,,,,,Aglutinação: Kash (Dor) + Na.,
Balana,,Atento / Observador,,Adjetivo,,,,,Aglutinação: Bala (Olho) + Na.,
Somania,,Cansativo / Exaustivo (Tarefa),,Adjetivo,,,,,Aglutinação: Soma (Sono/Cansaço) + -ia.,
Korana,,Bravo / Destemido,,Adjetivo,,,,,Aglutinação: Kora (Coragem) + Na.,
Humana,,Assustador / Aterrorizante,,Adjetivo,,,,,Aglutinação: Huma (Medo) + Na.,
Tupia,,Denso / Espesso (Névoa ou Floresta),,Adjetivo,,,,,Nova: Sensação de peso/densidade.,
Fania,,Raro / Incomum,,Adjetivo,,,,,Nova: Exclusividade.,
Renia,,Comum / Vulgar / Simples,,Adjetivo,,,,,Nova: O oposto de Fania.,
Vashia,,Inconstante / Mutável,,Adjetivo,,,,,Aglutinação: Da Vash (Maré).,
Koria,,Profundo,,Adjetivo,,,,,Aglutinação: Do Kori (Âmago/Fundo).,
Artia,,Raso / Superficial,,Adjetivo,,,,,Aglutinação: O oposto de profundo (ligado ao Artē de forma irônica).,
Zavia,,Valioso / Precioso,,Adjetivo,,,,,Aglutinação: De Zava (Riqueza/Tesouro).,
Zajian,,Frágil / Quebradiço,,Adjetivo,,,,,Aglutinação: Quebra fácil como Zaji (Vidro).,
Nasaia,,Lamentar / Pralhear,,Verbo,,,,,Aglutinação: De Nasa (Chorar).,
Lishia,,Festejar / Celebrar,,Verbo,,,,,Aglutinação: De Lisha (Rir).,
Hētia,,Ter pena / Compadecer-se,,Verbo,,,,,Aglutinação: Sentir no Hēt (Coração).,
Minaba,,Concordar,,Verbo,,,,,Aglutinação: Mina (Mente) + Aba (Abrir). Mentes abertas juntas.,
Minklo,,Discordar / Recusar,,Verbo,,,,,Aglutinação: Mina (Mente) + Klo (Fechar).,
Krofia,,Fingir / Iludir,,Verbo,,,,,Aglutinação: De Krofa (Trair).,
Ter saudade,,Ter saudade / Recordar,,Verbo,,,,,Aglutinação: De Mera (Lembrar).,
Obshia,,Ignorar de propósito / Desdenhar,,Verbo,,,,,Aglutinação: De Obsha (Esquecer).,
Sunaia,,Estudar / Investigar,,Verbo,,,,,Aglutinação: De Suna (Saber).,
Desha,,Discutir / Debater,,Verbo,,,,,Nova: Embate de palavras.,
Rasia,,Opor-se a / Criticar,,Verbo,,,,,Aglutinação: De Rasa (Contra).,
Sotia,,Espionar / Escutar atrás da porta,,Verbo,,,,,Aglutinação: De Sota (Ouvir).,
Nayaia,,Encarar / Fitar fixamente,,Verbo,,,,,Aglutinação: De Naya (Ver).,
Heia,,Tropeçar / Cometer erro,,Verbo,,,,,Aglutinação: De He (Cair).,
Ahaia,,Triunfar / Sobreviver / Vencer,,Verbo,,,,,Aglutinação: De Aha (Levantar).,
Bokia,,Fugir / Escapar,,Verbo,,,,,Aglutinação: De Boka (Ir/Partir).,
Eiana,,Acolher / Hospedar,,Verbo,,,,,Aglutinação: Eia (Vir) + Na (Bem).,
Kotana,,Devolver / Restaurar,,Verbo,,,,,Aglutinação: Koto (Voltar) + Na (Bem).,
Tiana,,Perdoar (Absolver dívida),,Verbo,,,,,Aglutinação: Tia (Dar) + Na (Bem).,
Jiana,,Aceitar (Oferta ou destino),,Verbo,,,,,Aglutinação: Jia (Pegar) + Na.,
Falia,,Flutuar / Boiar,,Verbo,,,,,Aglutinação: De Fola (Voar na água).,
Moshan,,Mancar / Rastejar,,Verbo,,,,,Aglutinação: Mosha (Caminhar) + An (Mal/Não).,
Piraia,,Assobiar / Chamar com som,,Verbo,,,,,Nova: Som agudo com a boca.,
Vetaia,,Subornar / Comprar alguém,,Verbo,,,,,Aglutinação: De Veta (Vender a honra).,
Koaia,,Desperdiçar / Gastar à toa,,Verbo,,,,,Aglutinação: De Koa (Comprar ruim).,
Kabaia,,Camuflar / Disfarçar,,Verbo,,,,,Aglutinação: De Kaba (Manto).,
Shibaia,,Misturar / Mesclar,,Verbo,,,,,Aglutinação: De Shiba (Unir).,
Fotaia,,Rachar / Fissurar / Quebrar aliança,,Verbo,,,,,Aglutinação: De Fota (Dividir).,
Talaia,,Jurar solene / Prometer,,Verbo,,,,,Aglutinação: De Tala (Promessa).,
Mazaia,,Julgar / Dar sentença,,Verbo,,,,,Aglutinação: De Maza (Lei/Justiça).,
Mazato,,Tribunal / Corte,,Subst. Masc.,,,,,Maza (Justiça) + To (Território/Local).,
Mazamato,,Juiz / Magistrado,,Subst. Masc.,,,,,Maza (Justiça) + Mato (Guerreiro/Defensor).,
Morato,,Prisioneiro / Detento,,Subst. Masc.,,,,,Derivado de Mora (Prender).,
Sateramaza,,Multa / Indenização,,Subst. Fem.,,,,,Moeda da justiça.,
Talamaa,,Contrato / Acordo escrito,,Subst. Neutro,,,,,Promessa (Tala) verdadeira (Maa).,
Zuvakro,,Contrabandista / Falsário,,Subst. Masc.,,,,,Zuva (Roubar) + Krofa (Enganar).,
Tukaia,,Alfândega / Tesouraria,,Subst. Fem.,,,,,Tuka (Imposto) + Aia (Casa).,
Koda,,Código / Regra estrita,,Subst. Fem.,,,,,Nova raiz.,
Veto,,Proibição / Tabu,,Subst. Masc.,,,,,Nova raiz.,
Gala,,Fiança / Garantia,,Subst. Fem.,,,,,Nova raiz.,
Jolmazia,,Falso testemunho / Perjúrio,,Subst. Neutro,,,,,Mentira na justiça.,
Sajamaz,,Veredito / Sentença,,Subst. Neutro,,,,,A fala da lei.,
Uroti,,Cidadão / Súdito,,Subst. Masc.,,,,,O povo do Rei (Uro).,
Zavajia,,Cobrador de impostos,,Subst. Masc.,,,,,Aquele que pega a riqueza.,
Krofasaja,,Traição (Política),,Subst. Fem.,,,,,Falar para trair.,
Pari,,Medida / Tamanho,,Subst. Fem.,,,,,Nova raiz para medições.,
Sulo,,Peso,,Subst. Masc.,,,,,Nova raiz para gravidade/peso.,
Vani,,Distância,,Subst. Fem.,,,,,Nova raiz para viagens.,
Ratapari,,Um passo / Medida de pé,,Subst. Masc.,,,,,Medida comum (Rata + Pari).,
Huovani,,Dia de viagem,,Subst. Neutro,,,,,A distância que se anda em um dia.,
Rompawota,,Primavera / Época do plantio,,Subst. Fem.,,,,,Ano verde (Wota).,
Rompahoma,,Verão / Época do calor,,Subst. Fem.,,,,,Ano quente (Homa).,
Rompakosa,,Outono / Época das folhas secas,,Subst. Fem.,,,,,Ano seco (Kosa).,
Rompajafa,,Inverno / Época do gelo,,Subst. Fem.,,,,,Ano frio (Jafa).,
Siko,,Foice / Lâmina curva,,Subst. Masc.,,,,,Nova raiz. Para colheita.,
Bitu,,Pá / Cavadeira,,Subst. Fem.,,,,,Nova raiz. Ferramenta de terra.,
Kaiaha,,Enxada,,Subst. Fem.,,,,,Levantar (Aha) a terra (Kaia).,
Shēnkla,,Cunha de madeira,,Subst. Fem.,,,,,Quebrar (Kla) com madeira.,
Onamata,,Marreta / Malho de pedra,,Subst. Masc.,,,,,Martelo de pedra.,
Wotabitu,,Ancinho / Rastelo,,Subst. Masc.,,,,,A pá do verde.,
Rimi,,Especiaria / Tempero forte,,Subst. Neutro,,,,,Nova raiz.,
Gumi,,Cebola / Alho (Bulbo),,Subst. Neutro,,,,,Nova raiz.,
Faso,,Feijão / Grão duro,,Subst. Masc.,,,,,Nova raiz.,
Noka,,Sopa cremosa / Ensopado grosso,,Subst. Fem.,,,,,Nova raiz.,
Surahlela,,Manteiga / Creme,,Subst. Neutro,,,,,Leite (Surah) mole (Lela).,
Oikawota,,Salada / Verdura fresca,,Subst. Neutro,,,,,Comida verde.,
Banmōa,,Suco de fruta / Xarope doce,,Subst. Neutro,,,,,Água de tâmara/fruta.,
Hektaka,,Cevada / Trigo de cerveja,,Subst. Masc.,,,,,A base da cerveja.,
Fiabera,,Frango / Ave de corte,,Subst. Neutro,,,,,Carne jovem/nova (branca).,
Fiaposh,,Carne de porco/javali,,Subst. Neutro,,,,,Carne de Posh.,
Fiateb,,Filé de peixe,,Subst. Neutro,,,,,Carne de peixe.,
Oikajora,,Pão duro / Biscoito de viagem,,Subst. Masc.,,,,,Comida dura (para resistir viagens).,
Oikabana,,Bolo / Pão doce,,Subst. Neutro,,,,,Pão de fruta.,
Kemmōa,,Água salgada / Salmoura,,Subst. Neutro,,,,,Água de sal (Kem).,
Oikatoba,,Rolo de massa,,Subst. Masc.,,,,,Ferramenta de empurrar comida.,
Dori,,Alfaiate / Costureiro,,Subst. Masc.,,,,,Nova raiz.,
Mula,,Moinho (Construção),,Subst. Masc.,,,,,Nova raiz.,
Muli,,Moleiro (Trabalhador),,Subst. Masc.,,,,,Derivado de Mula.,
Hebsatami,,Tecelão / Fiandeira,,Subst. Masc.,,,,,Fazedor de tecido.,
Zajiata,,Vidreiro / Soprador de vidro,,Subst. Masc.,,,,,Que trabalha o vidro.,
Nubatami,,Ourives / Lapidador,,Subst. Masc.,,,,,Fazedor de ouro.,
Shēnshota,,Lenhador,,Subst. Masc.,,,,,Cortador de árvores.,
Mōajia,,Pescador de rede,,Subst. Masc.,,,,,Aquele que pega da água.,
Hatojia,,Domador / Treinador de cavalos,,Subst. Masc.,,,,,"Aquele que ""pega"" o cavalo.",
Varagria,,Cartorário / Registrador,,Subst. Masc.,,,,,Que escreve no papel (Vara).,
Tokatami,,Fazedor de velas/lamparinas,,Subst. Masc.,,,,,Criador de tochas.,
Ratisata,,Sapateiro,,Subst. Masc.,,,,,Trabalhador de calçado.,
Aromashota,,Curtidor / Trabalhador de couro,,Subst. Masc.,,,,,Cortador de pele.,
Koiauila,,Lavrador / Fazendeiro rico,,Subst. Masc.,,,,,Dono do campo.,
Onashota,,Pedreiro / Escultor,,Subst. Masc.,,,,,Cortador de pedra.,
Feto,,Samambaia / Planta úmida,,Subst. Fem.,,,,,Nova raiz.,
Vika,,Trepadeira / Hera selvagem,,Subst. Fem.,,,,,Nova raiz.,
Soru,,Cacto / Planta de deserto,,Subst. Masc.,,,,,Nova raiz.,
Peta,,Pétala de flor,,Subst. Fem.,,,,,Nova raiz.,
Wotikosa,,Folha seca,,Subst. Fem.,,,,,Folha seca.,
Hrērawoba,,Lírio / Flor branca sagrada,,Subst. Fem.,,,,,Flor branca.,
Hrēratresh,,Rosa / Flor de sangue,,Subst. Fem.,,,,,Flor vermelha (aglutinada sem 'a' final).,
Nunaia,,Gengibre / Raiz curativa,,Subst. Fem.,,,,,A raiz que dá vida.,
Shēntresh,,Pau-brasil / Madeira vermelha,,Subst. Fem.,,,,,Madeira vermelha de luxo.,
Shēnkama,,Ébano / Madeira negra,,Subst. Fem.,,,,,Madeira negra de magos.,
Omahrēra,,Lótus / Flor de pântano,,Subst. Fem.,,,,,Flor da lama.,
Jafrahrēra,,Flor de gelo / Planta de inverno,,Subst. Fem.,,,,,Flor que resiste à neve.,
Alkashēn,,Árvore de cristal,,Subst. Fem.,,,,,Árvore preciosa (mito ou magia).,
Tiushēn,,Chorão / Árvore de vento,,Subst. Fem.,,,,,Árvore cujos galhos balançam.,
Mōanuna,,Vitória-régia / Planta aquática,,Subst. Fem.,,,,,Raiz de água.,
Jiga,,Pular (para desviar),,Verbo,,,,,Nova raiz. Movimento rápido.,
Tiru,,Atirar (uma flecha ou pedra),,Verbo,,,,,Nova raiz. Movimento de projétil.,
Kufa,,Bater / Socar,,Verbo,,,,,Nova raiz. Impacto sem espada.,
Nahtaba,,Desarmar / Quebrar defesa,,Verbo,,,,,Nahta (Proteger) + Aba (Abrir).,
Mishaklo,,Render-se / Terminar combate,,Verbo,,,,,Misha (Lutar) + Klo (Fechar).,
Poshia,,Grunhir / Fazer barulho bruto,,Verbo,,,,,Aglutinação de Posh (Javali).,
Nefaia,,Embelezar / Decorar,,Verbo,,,,,Fazer ficar belo (Nefa).,
Kamaba,,Apagar a luz (Escurecer),,Verbo,,,,,Kama (Preto) + Aba (Abrir a escuridão).,
Wobaklo,,Iluminar (Acender a luz),,Verbo,,,,,O oposto (Trazer o branco).,
Suraia,,Esvaziar / Secar,,Verbo,,,,,Fazer ficar vazio (Sura).,
Lim,,Apenas um / Único,,Advérbio,,,,,Nova raiz de precisão.,
Zetoa,,Facilmente / Liso como óleo,,Advérbio,,,,,Aglutinação de Zeto (Azeite).,
Vania,,Longamente (Tempo ou espaço),,Advérbio,,,,,Aglutinação de Vani (Distância).,
Jorashi,,Brutalmente / Com violência,,Advérbio,,,,,Jora (Duro) + Ashi (Certamente).,
Maa-en,,Na verdade / De fato,,Advérbio,,,,,Maa (Verdade) + En (Em).,
Holoan,,Quase nada,,Pronome,,,,,Holo (Tudo) + An (Não).,
Alnim,,Qualquer outra pessoa,,Pronome,,,,,Alya (Outro) + Nim (Alguém).,
Toshan,,Em lugar nenhum,,Advérbio,,,,,To (Lugar) + Shan (Menos/Sem).,
Toholo,,Em todo lugar,,Advérbio,,,,,To (Lugar) + Holo (Tudo).,
Tunholo,,Sempre (Em todos os tempos),,Advérbio,,,,,Tuna (Quando) + Holo (Tudo).,
Etban,,Sem motivo / À toa,,Advérbio,,,,,Etba (Por que) + An (Não).,
Hosan,,De jeito nenhum,,Advérbio,,,,,Hosa (Como) + An (Não).,
Mekana,,Provavelmente / É bem possível,,Advérbio,,,,,Meka (Talvez) + Na (Bem/Muito).,
Zania,,Inútil / Sem valor,,Adjetivo,,,,,Relativo a Zan (Nada).,
Ipana,,Genuíno / Autêntico,,Adjetivo,,,,,Derivado de Ipa (Próprio).,
Romi,,Homem / Humano,,Subst. Masc.,,,,,Raiz Copta direta: Rōmi.,
Shime,,Mulher / Senhora comum,,Subst. Fem.,,,,,Raiz Copta direta: S-hime.,
Hoba,,Trabalho braçal / Ofício,,Subst. Neutro,,,,,Raiz Copta: Hōb.,
Nabi,,Pecado / Crime sagrado,,Subst. Masc.,,,,,Raiz Copta: Nabi.,
Taio,,Honra / Reputação,,Subst. Fem.,,,,,Raiz Copta: Taeio.,
Smai,,Benção / Prece atendida,,Subst. Fem.,,,,,Raiz Copta: Smaī.,
Shilel,,Oração / Ritual de voz,,Subst. Masc.,,,,,Raiz Copta: Shlēl.,
Mesha,,Multidão / O Povo,,Subst. Masc.,,,,,Raiz Copta: Mēsh.,
Boki,,Servo do rei / Empregado,,Subst. Masc.,,,,,Raiz Copta: Bōki.,
Lashan,,Prefeito / Líder da vila,,Subst. Masc.,,,,,Raiz Copta: Lashane.,
Rashi,,Alegria festiva / Festa,,Subst. Fem.,,,,,Raiz Copta: Rashi (Felicidade coletiva).,
Pei,,Beijo (de respeito ou amor),,Subst. Masc.,,,,,Raiz Copta: Pei.,
Sopa,,"Vez / Turno (Ex: ""Minha vez"")",,Subst. Fem.,,,,,Raiz Copta: Sop.,
Tako,,Destruição / Ruína,,Subst. Masc.,,,,,Raiz Copta: Tako.,
Uoba,,Puro / Limpo espiritualmente,,Adjetivo,,,,,Raiz Copta: Uōb (Santo/Puro).,
Joi,,Barco pequeno (Bote),,Subst. Masc.,,,,,Raiz Copta: Joi.,
Shoi,,Altar menor / Santuário caseiro,,Subst. Masc.,,,,,Raiz Copta: Shouei.,
Hloi,,Navio de guerra,,Subst. Fem.,,,,,Raiz Copta: Hloi.,
Romitaio,,Herói / Homem honrado,,Subst. Masc.,,,,,Aglutinação: Romi + Taio.,
Shimesmai,,Curandeira abençoada,,Subst. Fem.,,,,,Aglutinação: Shime + Smai.,
Yomakori,,Abismo marinho,,Subst. Masc.,,,,,Yoma (Mar) + Kori (Fundo/Âmago).,
Mōasuli,,Esteira (O rastro do barco),,Subst. Fem.,,,,,Mōa (Água) + Suli (Rastro).,
Tiuvela,,Vela principal,,Subst. Fem.,,,,,Tiu (Vento) + Vela.,
Yomatasha,,Carta náutica,,Subst. Fem.,,,,,Yoma (Mar) + Tasha (Mapa náutico).,
Uonshayoma,,Lobo do mar (Veterano),,Subst. Masc.,,,,,Uonsha (Lobo) + Yoma (Mar).,
Yararifu,,Mastro principal do navio,,Subst. Masc.,,,,,Yara (Navio) + Rifu (Mastro).,
Yomakina,,Tempestade oceânica mortal,,Subst. Fem.,,,,,Yoma (Mar) + Kina (Perigo).,
Lēsyoma,,Correnteza marítima,,Subst. Neutro,,,,,Lēs (Correnteza) + Yoma (Mar).,
Yomabaza,,Porto comercial,,Subst. Fem.,,,,,Yoma (Mar) + Baza (Mercado).,
Sokiaia,,Cabana de pescador/praia,,Subst. Fem.,,,,,Sokia (Praia) + Aia (Casa).,
Tebtahana,,Pescaria em alto mar,,Subst. Fem.,,,,,Tebta (Peixe) + Hana (Caçar).,
Mōashota,,Navegar rápido,,Verbo,,,,,Mōa (Água) + Shota (Fatiar/Cortar).,
Iabtiu,,Vento leste (Bom para viajar),,Subst. Masc.,,,,,Iab (Leste) + Tiu (Vento).,
Amentiu,,Vento oeste,,Subst. Masc.,,,,,Ament (Oeste) + Tiu (Vento).,
Mehtitiu,,Vento norte (Frio),,Subst. Masc.,,,,,Mehti (Norte) + Tiu (Vento).,
Rasitiu,,Vento sul,,Subst. Masc.,,,,,Rasi (Sul) + Tiu (Vento).,
Yomajaja,,Pirata sanguinário,,Subst. Masc.,,,,,Yoma (Mar) + Jaja (Inimigo).,
Yomasura,,Naufrágio,,Subst. Masc.,,,,,Yoma (Mar) + Sura (Morte).,
Khenmato,,Soldado anfíbio / Fuzileiro,,Subst. Masc.,,,,,Khen (Bote) + Mato (Soldado).,
Hloimisha,,Batalha naval,,Subst. Fem.,,,,,Hloi (Navio de guerra) + Misha (Batalhar).,
Muki,,Tristeza espiritual profunda,,Subst. Fem.,,,,,Raiz Copta: Mokhe.,
Teli,,Gota de veneno / Poção fatal,,Subst. Fem.,,,,,Raiz Copta: Tili (Gota).,
Nomi,,Praga / Doença terrível,,Subst. Fem.,,,,,Raiz Copta: Nomi.,
Foshi,,Coração morto / Cadáver intacto,,Subst. Masc.,,,,,Raiz Copta: Pōsh.,
Muka,,Tortura / Sofrimento contínuo,,Subst. Fem.,,,,,Raiz Copta: Mkah.,
Shibi,,Metamorfose mágica,,Subst. Fem.,,,,,Raiz Copta: Shibi (Mudar forma).,
Hika,,Feitiço rápido / Truque,,Subst. Masc.,,,,,Raiz Copta: Hika (Magia rústica).,
Dervakash,,Maldição de dor infinita,,Subst. Fem.,,,,,Derva (Maldição) + Kash (Dor).,
Kakiheka,,Magia negra profunda,,Subst. Fem.,,,,,Kaki (Trevas) + Heka (Magia).,
Munatami,,Necromancia profana,,Subst. Fem.,,,,,Muna (Morte) + Tamia (Criar).,
Senofatia,,Sacrifício de sangue,,Subst. Masc.,,,,,Senofa (Sangue) + Tia (Dar).,
Krukka,,Alma de monstro (Possessão),,Subst. Fem.,,,,,Kruk (Fera) + Ka (Alma).,
Hētsura,,Crueldade (Falta de emoção),,Subst. Fem.,,,,,Hēt (Coração) + Sura (Vazio).,
Minasura,,Coma mágico / Morte mental,,Subst. Fem.,,,,,Mina (Mente) + Sura (Morto).,
Balabela,,Maldição da cegueira,,Subst. Fem.,,,,,Bala (Olho) + Bela (Cego).,
Jomakaki,,Livro proibido / Grimório negro,,Subst. Neutro,,,,,Joma (Livro) + Kaki (Trevas).,
Hapasura,,Ocultação fatal / Segredo de morte,,Subst. Fem.,,,,,Hapa (Segredo) + Sura (Morte).,
Dervato,,Terra amaldiçoada / Ermos,,Subst. Masc.,,,,,Derva (Maldição) + To (Território).,
Kakiroa,,Voz dos espíritos malignos,,Subst. Fem.,,,,,Kaki (Trevas) + Roa (Boca).,
Teliwoma,,Envenenamento (pela comida),,Subst. Masc.,,,,,Teli (Veneno) + Woma (Comer).,
Tobe,,Tijolo,,Subst. Masc.,,,,,Raiz Copta: Tōb.,
Jali,,Telhado / Cobertura,,Subst. Neutro,,,,,Raiz Copta: Djali.,
Keli,,Portão de ferro blindado,,Subst. Masc.,,,,,Raiz Copta: Keli (Fechadura grossa).,
Sani,,Aço / Ferro purificado,,Subst. Masc.,,,,,Raiz Copta: Sani.,
Homi,,Argila / Barro de modelar,,Subst. Masc.,,,,,Raiz Copta: Homi.,
Soti,,Muro de proteção alto,,Subst. Fem.,,,,,Raiz Copta: Sobt.,
Koti,,Obra / Estrutura grande,,Subst. Fem.,,,,,Raiz Copta: Kōt (Construir).,
Tobeaia,,Casa de tijolos (Resistente),,Subst. Fem.,,,,,Tobe (Tijolo) + Aia (Casa).,
Sanisifa,,Espada de aço puro,,Subst. Fem.,,,,,Sani (Aço) + Sifa (Espada).,
Zajiuola,,Janela de vitral cara,,Subst. Fem.,,,,,Zaji (Vidro) + Uola (Janela).,
Puriasoti,,Muralha externa do castelo,,Subst. Fem.,,,,,Puria (Castelo) + Soti (Muralha alta).,
Valiskeli,,Portão encravado na montanha,,Subst. Masc.,,,,,Valis (Montanha) + Keli (Portão de ferro).,
Turiaartē,,Torre suprema dos magos,,Subst. Fem.,,,,,Turia (Torre) + Artē (Alto).,
Sheatobe,,Bloco de madeira p/ piso,,Subst. Masc.,,,,,Shea (Madeira) + Tobe (Tijolo).,
Onatobe,,Bloco de pedra lavrada,,Subst. Masc.,,,,,Ona (Pedra) + Tobe (Tijolo).,
Kotimato,,Engenheiro de guerra / Cerco,,Subst. Masc.,,,,,Koti (Construir) + Mato (Soldado).,
Hamshakoti,,Arquiteto / Mestre de Obras,,Subst. Masc.,,,,,Hamsha (Construtor) + Koti (Obra).,
Lakaia,,Palafita / Casa no lago,,Subst. Fem.,,,,,Laka (Lago) + Aia (Casa).,
Hiraona,,Estrada de pedra pavimentada,,Subst. Fem.,,,,,Hira (Estrada) + Ona (Pedra).,
Pulaia,,Salão principal de banquetes,,Subst. Fem.,,,,,Pula (Grande entrada) + Aia (Casa).,
Nofi,,Respirar / Descansar,,Verbo,,,,,Raiz Copta: Nifi.,
Tashi,,Multiplicar / Enriquecer,,Verbo,,,,,Raiz Copta: Tasho.,
Muti,,Chamar pelo nome / Invocar,,Verbo,,,,,Raiz Copta: Moute.,
Roki,,Tostar / Queimar sem fogo,,Verbo,,,,,Raiz Copta: Rōkh.,
Fai,,Carregar peso longo / Suportar,,Verbo,,,,,Raiz Copta: Fai.,
Holi,,Voar / Fugir depressa,,Verbo,,,,,Raiz Copta: Hōl.,
Joki,,Terminar / Completar uma meta,,Verbo,,,,,Raiz Copta: Jōk.,
Oushi,,Desejar intensamente,,Verbo,,,,,Raiz Copta: Ouōsh (Mais forte que Ua).,
Hopia,,Esconderijo (Ação de ir para lá),,Verbo,,,,,Variação de Hopa + lugar.,
Tomi,,Trancar a porta / Barrar,,Verbo,,,,,Raiz Copta: Tōm.,
Sopi,,Habitar / Residir num local,,Verbo,,,,,Raiz Copta: Shōpe.,
Pohi,,Alcançar um limite / Tocar o fim,,Verbo,,,,,Raiz Copta: Pōh.,
Womajoki,,Terminar a refeição (Satisfeito),,Verbo,,,,,Woma (Comer) + Joki (Completar).,
Hirafai,,Carregador de estrada / Mensageiro,,Subst. Masc.,,,,,Hira (Estrada) + Fai (Carregar).,
Rinamuti,,Convocação oficial do rei,,Subst. Fem.,,,,,Rina (Nome) + Muti (Chamar).,
Mōaroki,,Ferver água,,Verbo,,,,,Mōa (Água) + Roki (Tostar/Esquentar).,
Sopikoia,,Morar na fazenda/campo,,Verbo,,,,,Sopi (Habitar) + Koia (Campo).,
Hobajoki,,Concluir o trabalho,,Verbo,,,,,Hoba (Trabalho) + Joki (Terminar).,
Lashansaja,,Discursar para a multidão,,Verbo,,,,,Lashan (Líder) + Saja (Falar).,
Romitako,,Assassinar multidão (Massacre),,Verbo,,,,,Romi (Homens) + Tako (Destruição).,
Meto,,Coisa / Objeto / Assunto,,Subst. Neutro,,,,,"Palavra mais comum para ""algo"".",
Jina,,Pergunta,,Subst. Fem.,,,,,Raiz nova.,
Paja,,Resposta / Solução,,Subst. Fem.,,,,,Raiz nova.,
Kasi,,Difícil / Complicado,,Adjetivo,,,,,Som duro e tenso.,
Moli,,Fácil / Simples,,Adjetivo,,,,,Som suave.,
Fari,,Maneira / Jeito / Método,,Subst. Masc.,,,,,"""O jeito de fazer as coisas"".",
Bani,,Círculo / Roda redonda,,Subst. Fem.,,,,,Forma geométrica.,
Goji,,Pedaço / Parte de algo,,Subst. Masc.,,,,,Fatiar o todo.,
Luki,,Forma / Aparência,,Subst. Fem.,,,,,O visual.,
Basi,,Base / Fundo / Chão,,Subst. Fem.,,,,,Onde tudo se apoia.,
Foti,,Lado / Direção,,Subst. Masc.,,,,,"""Vá para esse lado"".",
Kimi,,Cor / Tom,,Subst. Fem.,,,,,Derivado do copta antigo.,
Tari,,Jogo / Brincadeira,,Subst. Masc.,,,,,Diversão pura.,
Sori,,Culpa / Erro / Falha,,Subst. Fem.,,,,,Responsabilidade negativa.,
Voji,,Certo / Exato / Correto,,Adjetivo,,,,,Para concordar com algo.,
Poki,,Errado / Incorreto,,Adjetivo,,,,,O oposto de Voji.,
Hati,,Cedo / Adiantado,,Advérbio,,,,,Chegar antes da hora.,
Luti,,Tarde / Atrasado,,Advérbio,,,,,Chegar depois da hora.,
Gani,,Espaço em branco / Vácuo,,Subst. Neutro,,,,,Um quarto vazio.,
Teba,,Caixa / Recipiente / Baú,,Subst. Fem.,,,,,Onde se guarda o Meto.,
Lafi,,Ferramenta / Utensílio,,Subst. Fem.,,,,,Para consertos e obras.,
Sami,,Fio / Cordão fino,,Subst. Masc.,,,,,Menor que Noha (Corda).,
Moji,,Mistura / Mexido,,Subst. Neutro,,,,,Muitas coisas juntas.,
Tasi,,Linha / Fila de pessoas,,Subst. Fem.,,,,,Ordem e organização.,
Bori,,Borda / Margem,,Subst. Fem.,,,,,O limite de uma mesa ou rio.,
Guri,,Criança / Bebê,,Subst. Neutro,,,,,Menor e mais frágil que Alu.,
Lari,,Doce / Agradável,,Adjetivo,,,,,Sensação prazerosa.,
Masi,,Nascido / Nato,,Adjetivo,,,,,A origem de alguém.,
Tori,,Galho / Ramo grosso,,Subst. Masc.,,,,,Parte da Shēn (Árvore).,
Vori,,Fruto (Qualquer um),,Subst. Neutro,,,,,O que a terra dá.,
Koli,,Buraco / Fenda / Cova,,Subst. Masc.,,,,,Uma abertura no chão.,
Gari,,Vaso / Pote de barro,,Subst. Masc.,,,,,Para guardar água.,
Bari,,Cesta / Cesto de palha,,Subst. Fem.,,,,,Para colheitas.,
Miri,,Presente / Dádiva,,Subst. Neutro,,,,,Algo dado sem custo.,
Tali,,Costume / Hábito da tribo,,Subst. Masc.,,,,,O que se faz sempre.,
Sali,,Palavra / Termo solto,,Subst. Fem.,,,,,Menor que uma frase.,
Hili,,Asa / Penugem,,Subst. Fem.,,,,,O que faz o Hala voar.,
Gili,,Escama (de peixe ou dragão),,Subst. Fem.,,,,,Armadura natural.,
Mili,,Légua / Grande distância,,Subst. Fem.,,,,,Medida longa de viagem.,
Vili,,Aldeia / Vila pequena,,Subst. Fem.,,,,,Menor que a capital.,
Sili,,Assento de madeira / Banco,,Subst. Masc.,,,,,Mais simples que Sita.,
Dili,,Prego / Pino / Estaca,,Subst. Masc.,,,,,Ferramenta de junção.,
Zili,,Sujeira / Lixo / Poeira,,Subst. Fem.,,,,,O que precisa ser limpo.,
Kesi,,Metade / Meio a meio,,Subst. Fem.,,,,,Dividir o Goji.,
Nuvi,,Costura / Ponto de tecido,,Subst. Fem.,,,,,O que o Dori faz.,
Fuki,,Bolha / Gota de água,,Subst. Fem.,,,,,O pingo isolado.,
Tuki,,Fragmento / Caco quebrado,,Subst. Masc.,,,,,Resto do Zaji (Vidro).,
Maki,,Engenhoca / Máquina rústica,,Subst. Fem.,,,,,Invenção dos Hamsha.,
Zuki,,Soco / Golpe sem arma,,Subst. Masc.,,,,,Violência pura de taverna.,
Rivi,,Margem do rio / Barranco,,Subst. Fem.,,,,,A terra que toca a água.,
Ushēbera,,Aurora / Fim da madrugada,,Subst. Fem.,,,,,Ushē (Noite) + Bera (Nova).,
Huobera,,Manhã cedo,,Subst. Fem.,,,,,Huo (Dia) + Bera (Novo).,
Huopasa,,Tarde / Entardecer,,Subst. Fem.,,,,,Huo (Dia) + Pasa (Velho).,
Metoashi,,Fato / Certeza absoluta,,Subst. Neutro,,,,,Meto (Coisa) + Ashi (Certa).,
Metoku,,Problema / Infortúnio,,Subst. Neutro,,,,,Meto (Coisa) + Ku (Ruim).,
Metoasha,,Enigma / Mistério não resolvido,,Subst. Neutro,,,,,Meto (Coisa) + Asha (Qual/O que).,
Jinaku,,Interrogatório doloroso,,Subst. Fem.,,,,,Jina (Pergunta) + Ku (Ruim).,
Pajana,,Solução perfeita,,Subst. Fem.,,,,,Paja (Resposta) + Na (Boa).,
Kasimeto,,Dificuldade imensa,,Subst. Fem.,,,,,Kasi (Difícil) + Meto (Coisa).,
Molimeto,,Tarefa fácil / Barbada,,Subst. Fem.,,,,,Moli (Fácil) + Meto (Coisa).,
Fariwoba,,Instrução clara / Método óbvio,,Subst. Masc.,,,,,Fari (Método) + Woba (Claro).,
Baniona,,Roda de pedra maciça,,Subst. Fem.,,,,,Bani (Roda) + Ona (Pedra).,
Gojifota,,Fração matemática / Pedaço cortado,,Subst. Masc.,,,,,Goji (Parte) + Fota (Dividir).,
Gojina,,A melhor parte (da comida ou tesouro),,Subst. Masc.,,,,,Goji (Parte) + Na (Bom).,
Basikaia,,Subsolo / Porão / Adega,,Subst. Neutro,,,,,Basi (Fundo) + Kaia (Terra).,
Fotikama,,Sombra / O lado escuro,,Subst. Masc.,,,,,Foti (Lado) + Kama (Escuro).,
Kimina,,Cor viva / Tom brilhante,,Subst. Fem.,,,,,Kimi (Cor) + Na (Bom/Forte).,
Tariromi,,Jogador / Apostador / Trapaceiro,,Subst. Masc.,,,,,Tari (Jogo) + Romi (Homem).,
Sorimina,,Remorso / Peso na consciência,,Subst. Fem.,,,,,Sori (Culpa) + Mina (Mente).,
Vojisaja,,Confissão absoluta,,Subst. Fem.,,,,,Voji (Certo) + Saja (Falar).,
Pokimina,,Engano / Ilusão mental,,Subst. Fem.,,,,,Poki (Errado) + Mina (Mente).,
Hatihuo,,Logo cedo pela manhã,,Advérbio,,,,,Hati (Cedo) + Huo (Dia).,
Lutiushē,,Altas horas da noite,,Advérbio,,,,,Luti (Tarde) + Ushē (Noite).,
Ganito,,Terreno baldio / Descampado,,Subst. Masc.,,,,,Gani (Vazio) + To (Local).,
Tebahebsa,,Guarda-roupa / Baú de roupas,,Subst. Fem.,,,,,Teba (Caixa) + Hebsa (Roupa).,
Lafibenipa,,Ferramenta de ferro duro,,Subst. Fem.,,,,,Lafi (Ferramenta) + Benipa (Ferro).,
Samirompa,,Destino / O Fio da Vida,,Subst. Masc.,,,,,Sami (Fio) + Rompa (Ano/Ciclo).,
Mojioika,,Refeição misturada / Ensopado,,Subst. Neutro,,,,,Moji (Mistura) + Oika (Comida).,
Tasiromi,,Exército em marcha / Batalhão,,Subst. Masc.,,,,,Tasi (Fila) + Romi (Homens).,
Boritona,,Litoral / A borda do mapa,,Subst. Fem.,,,,,Bori (Borda) + Tona (Onde/Local).,
Gurialu,,Recém-nascido (Filho do rei ou povo),,Subst. Neutro,,,,,Guri (Bebê) + Alu (Jovem).,
Torigoba,,Graveto / Madeira para fogo,,Subst. Masc.,,,,,Tori (Galho) + Goba (Seco).,
Vorina,,Fruto maduro / Suculento,,Subst. Neutro,,,,,Vori (Fruto) + Na (Bom).,
Kolikaia,,Trincheira de guerra,,Subst. Masc.,,,,,Koli (Buraco) + Kaia (Terra).,
Garimōa,,Cântaro de água,,Subst. Masc.,,,,,Gari (Vaso) + Mōa (Água).,
Barishea,,Cesto trançado de madeira,,Subst. Fem.,,,,,Bari (Cesta) + Shea (Madeira).,
Miritia,,Oferenda / Dar presente,,Verbo,,,,,Miri (Presente) + Tia (Dar).,
Taliromi,,Homem conservador / Tradicional,,Subst. Masc.,,,,,Tali (Costume) + Romi (Homem).,
Salimaa,,Promessa verdadeira (Inquebrável),,Subst. Fem.,,,,,Sali (Palavra) + Maa (Verdade).,
Hiliwoba,,Pena branca (Símbolo de rendição),,Subst. Fem.,,,,,Hili (Pena) + Woba (Branco).,
Vililashan,,Prefeito da aldeia,,Subst. Masc.,,,,,Vili (Aldeia) + Lashan (Líder).,
Silishea,,Banco de praça / Assento comum,,Subst. Masc.,,,,,Sili (Banco) + Shea (Madeira).,
Dilimata,,Prego e martelo (Construção bruta),,Subst. Masc.,,,,,Dili (Prego) + Mata (Martelo).,
Ziliaia,,Chiqueiro / Estábulo sujo,,Subst. Fem.,,,,,Zili (Sujeira) + Aia (Casa).,
Joameto,,Ideia / Pensamento criativo,,Subst. Neutro,,,,,Joa (Cabeça) + Meto (Coisa).,
Romijaja,,Rival pessoal / Antagonista,,Subst. Masc.,,,,,Romi (Homem) + Jaja (Inimigo).,
Shibramina,,Confiança mútua / Sintonia,,Subst. Fem.,,,,,Shibra (Amigo) + Mina (Mente).,
Totameto,,Utensílio manual pequeno,,Subst. Neutro,,,,,Tota (Mão) + Meto (Coisa).,
Roaoika,,Lanche rápido / Mordida,,Subst. Neutro,,,,,Roa (Boca) + Oika (Comida).,
Ratafari,,Trilha a pé / Caminho no mato,,Subst. Fem.,,,,,Rata (Pé) + Fari (Caminho).,
Joaklo,,Ignorância / Teimosia mental,,Subst. Fem.,,,,,Joa (Cabeça) + Klo (Fechar).,
Joaaba,,Epifania / Iluminação de ideia,,Subst. Fem.,,,,,Joa (Cabeça) + Aba (Abrir).,
Tumbkash,,Fome / Dor estomacal,,Subst. Masc.,,,,,Tumb (Barriga) + Kash (Dor).,
Mōaua,,Sede severa,,Subst. Fem.,,,,,Mōa (Água) + Ua (Querer).,
Balaklo,,Sono profundo (Ato de dormir),,Subst. Masc.,,,,,Bala (Olho) + Klo (Fechar).,
Fakashota,,Corte / Ferida de adaga,,Subst. Masc.,,,,,Faka (Faca) + Shota (Cortar).,
Jomajia,,Estudante / Aprendiz de sábio,,Subst. Masc.,,,,,Joma (Livro) + Jia (Pegar).,
Kotafia,,Bife / Carne feita no fogo,,Subst. Neutro,,,,,Kota (Fogo) + Afia (Carne).,
Mōajafa,,Água gelada,,Subst. Neutro,,,,,Mōa (Água) + Jafa (Frio).,
Shuahe,,Fuligem / Cinza de teto,,Subst. Masc.,,,,,Shua (Fumaça) + He (Cair).,
Oikabaza,,Mercearia / Tenda de comida,,Subst. Fem.,,,,,Oika (Comida) + Baza (Mercado).,
Hebsabaza,,Loja de tecidos e roupas,,Subst. Fem.,,,,,Hebsa (Roupa) + Baza (Mercado).,
Totaraha,,Ato de lavar as mãos (Limpeza),,Subst. Masc.,,,,,Tota (Mão) + Raha (Lavar).,
Bokaromi,,Viajante que parte / Peregrino,,Subst. Masc.,,,,,Boka (Partir) + Romi (Homem).,
Eiaromi,,Hóspede / Recém-chegado,,Subst. Masc.,,,,,Eia (Chegar) + Romi (Homem).,
Sunaia,,Escola / Centro de ensino,,Subst. Fem.,,,,,Suna (Saber) + Aia (Casa).,
Meuaaia,,Templo de meditação,,Subst. Fem.,,,,,Meua (Pensar) + Aia (Casa).,
Natameto,,Amuleto de confiança (Presente),,Subst. Neutro,,,,,Nata (Confiar) + Meto (Coisa).,
Roshamato,,Guarda-costas pessoal,,Subst. Masc.,,,,,Rosha (Servir) + Mato (Soldado).,
Hapato,,Esconderijo / Zona segura,,Subst. Masc.,,,,,Hapa (Oculto) + To (Local).,
Sanaromi,,Enfermeiro(a),,Subst. Masc.,,,,,Sana (Socorrer) + Romi (Homem/Pessoa).,
Nukameto,,Objeto perdido e não achado,,Subst. Neutro,,,,,Nuka (Perder) + Meto (Coisa).,
Hotaka,,Esforço imenso / Sangue e suor,,Subst. Masc.,,,,,Hota (Esforçar) + Ka (Alma).,
Yaramosha,,Ação de navegar os mares,,Verbo,,,,,Yara (Barco) + Mosha (Andar).,
Velatiu,,Velejar a favor do vento,,Verbo,,,,,Vela + Tiu (Vento).,
Pashjom,,Remar com força bruta,,Verbo,,,,,Pash (Remo) + Jom (Força).,
Mapugria,,Cartógrafo,,Subst. Masc.,,,,,Mapu (Mapa) + Gria (Escrever).,
Brahebsa,,Manga de camisa ou armadura,,Subst. Fem.,,,,,Bra (Braço) + Hebsa (Roupa).,
Venaratis,,Bota de cano longo (Montaria),,Subst. Fem.,,,,,Vena (Perna) + Ratis (Bota).,
Nipashota,,Mordida animal,,Subst. Fem.,,,,,Nipa (Dente) + Shota (Cortar).,
Koujito,,Distrito / Província,,Subst. Masc.,,,,,Aglutinação: Kouji (Pequeno) + To (País/Território).,
Rutia,,Barulho / Som alto,,Subst. Fem.,,,,,Raiz nova. Som caótico e desordenado.,
Baki,,Cidade (Tamanho médio/grande),,Subst. Fem.,,,,,Raiz Copta pura (Baki). Preenche o salto entre Vili (Aldeia) e Joato (Capital).,
Sulisaja,,Influência / Legado,,Subst. Fem.,,,,,"Aglutinação: Suli (Rastro) + Saja (Falar). ""O rastro que fala/dita o estilo"".",
Kauto,,Centro / Região Central,,Subst. Masc.,,,,,Aglutinação: Kau (Meio) + To (Local).,
Shator,,Caos / Desordem mágica,,Subst. Masc.,,,,,Raiz nova. Som áspero para a força destrutiva de Hering.,
Hekashime,,Bruxa / Feiticeira profana,,Subst. Fem.,,,,,Aglutinação: Heka (Magia) + Shime (Mulher/Copta).,
Urokoti,,Prédio do governo / Paço,,Subst. Neutro,,,,,Aglutinação: Uro (Rei) + Koti (Construção).,
Takalafi,,Arma (Qualquer tipo),,Subst. Fem.,,,,,"Taka (Atacar) + Lafi (Ferramenta). ""A ferramenta de ataque"".",
Fotia,,Separação / Divisão (Evento),,Subst. Fem.,,,,,Derivado de Fota (Dividir) com o sufixo -ia de evento.,
Biramosha,,Atravessar / Cruzar,,Verbo,,,,,Bira (Através) + Mosha (Caminhar).,
Kashsuli,,Cicatriz / Marca de guerra,,Subst. Fem.,,,,,"Kash (Dor) + Suli (Rastro). ""O rastro da dor"".",
Obshina,,Esquecido / Há muito perdido,,Adjetivo,,,,,Obshia (Esquecer) + sufixo descritivo -na.,
Sokiana,,Costeiro / Litorâneo,,Adjetivo,,,,,Sokia (Praia/Costa) + -na.,
Matuna,,Pacato / Pacífico,,Adjetivo,,,,,Matu (Paz) + -na.,
Shopia,,Acontecer / Ocorrer,,Verbo,,,,,Derivado de Shopa (Estar/Existir) -> Passar a existir.,
Sajia,,Conto / Lenda contada,,Subst. Fem.,,,,,Saja (Falar/Dizer) + -ia (Objeto de). A história falada.,
Ehroyoma,,Além-mar / Transoceânico,,Subst./Adj.,,,,,Ehro (Além) + Yoma (Mar).,
Katia,,Preparar / Organizar,,Verbo,,,,,Raiz nova.,
Lukia,,Simbolizar / Representar,,Verbo,,,,,"Luki (Forma/Aparência) + -ia (Verbo). ""Dar forma a"".",
Telo,,Liberdade / Emancipação,,Subst. Fem.,,,,,Raiz nova (Baseada no conceito de fim/libertação).,
Ahaiameto,,Conquista / Triunfo (Feito),,Subst. Neutro,,,,,Ahaia (Triunfar/Vencer) + Meto (Coisa/Fato).,
Tasishilel,,Procissão / Marcha religiosa,,Subst. Fem.,,,,,"Tasi (Fila) + Shilel (Oração). ""A fila que ora"".",
Miritami,,Oferenda sagrada,,Subst. Fem.,,,,,"Miri (Presente) + Tami (Fazer/Preparar). ""O presente preparado"".",
Talishilel,,Rito / Ritual cerimonial,,Subst. Masc.,,,,,Tali (Costume) + Shilel (Oração).,
Lukimeto,,Sinal / Símbolo,,Subst. Neutro,,,,,"Luki (Forma) + Meto (Coisa). ""Coisa que dá forma a uma ideia"".",
Amotana,,Gratidão,,Subst. Fem.,,,,,Amota (Obrigado) + Na (Bem/Sentimento bom).,
Nefina,,Enfeitado / Ornamentado,,Adjetivo,,,,,Nefa (Belo) + -ina (Sufixo de estado/ser).,
Tashia,,Espalhar / Disseminar,,Verbo,,,,,Derivado da raiz Copta Tashi (Multiplicar).,
Erpeia,,A Igreja (A Instituição),,Subst. Fem.,,,,,Erpe (Templo físico) + -ia (Lugar expansivo/Instituição).,
Unato,,Horário local / Fuso horário,,Subst. Neutro,,,,,Una (Hora) + To (Local/Território).,
Garimeto,,Vaso / Receptáculo sagrado,,Subst. Masc.,,,,,Gari (Pote/Vaso) + Meto (Coisa).,
Polaia,,Derramar / Verter líquidos,,Verbo,,,,,"Pola (Fluir) + -ia (Fazer a ação). ""Fazer fluir"".",
Farijia,,Guia / Aquele que conduz,,Subst. Masc.,,,,,"Fari (Caminho/Método) + Jia (Pegar). ""Aquele que pega o caminho"".",
Semakoto,,Ressoar / Ecoar,,Verbo,,,,,"Sema (Voz) + Koto (Voltar). ""A voz que volta"".",
Jiaromi,,O Escolhido / Eleito,,Subst. Masc.,,,,,Jia (Pegar/Escolher) + Romi (Homem).,
Uroia,,Reinar / Governar,,Verbo,,,,,Uro (Rei) + -ia (Verbo).,
Smaito,,Altar de Bênçãos / Santuário,,Subst. Masc.,,,,,Smai (Bênção) + To (Lugar).,
Karu,,Silêncio,,Subst. Masc.,,,,,"Som abafado, curto. A ausência de ruído (Rutia).",
Vasho,,Aclamar / Louvar,,Verbo,,,,,Ação coletiva de erguer a voz em aprovação.,
Zoru,,Atento / Focado,,Adjetivo,,,,,Um olhar cortante e direcionado.,
Vabu,,Estranho / Esquisito / Bizarro,,Adjetivo,,,,,Algo fora da ordem natural das coisas.,
Beli,,Sino / Badalo,,Subst. Masc.,,,,,Raiz onomatopeica universal (lembra o bater do metal).,
Doni,,Soar / Tocar (instrumento/sino),,Verbo,,,,,Som grave e contínuo.,
Ruzo,,Incomum / Fora do padrão,,Adjetivo,,,,,"Descreve algo raro, mas no sentido de rotina quebrada.",
Nivu,,Imaturo / Inocente,,Adjetivo,,,,,"Fresco, intocado pelo mundo.",
Puru,,Exatamente / Com precisão,,Advérbio,,,,,"Certeza cirúrgica, sem margem para erro.",
Furu,,Apressar-se / Correr em pânico,,Verbo,,,,,Movimento desordenado e rápido.,
Naru,,Anunciar / Declarar em público,,Verbo,,,,,Ação oficial de falar (Saja) para uma multidão.,
Pedu,,Acreditar / Ter fé em algo,,Verbo,,,,,Diferente de saber (Suna); é aceitar algo que não se vê.,
Jedu,,Avançar / Marchar adiante,,Verbo,,,,,Movimento firme e pesado.,
Kruma,,Ruína / Destroços,,Subst. Fem.,,,,,O som de pedra e madeira desmoronando e cedendo ao tempo.,
Shiku,,Entrar em pânico / Assustar-se,,Verbo,,,,,Ação incontrolável provocada pelo medo (Huma).,
Foku,,Corromper / Contaminar,,Verbo,,,,,Raiz nova. O ato da magia do caos entrar em algo.,
Boku,,Colar / Gargantilha,,Subst. Masc.,,,,,Raiz nova. Joia usada ao redor do pescoço.,
Onakama,,Obsidiana,,Subst. Fem.,,,,,Aglutinação fluida: Ona (Pedra) + Kama (Negra).,
Moro,,Espectro / Aparição,,Subst. Masc.,,,,,"Raiz nova. Um fantasma tangível e hostil, diferente de Kashua.",
Pizu,,Sombrio / Macabro,,Adjetivo,,,,,Raiz nova. A atmosfera de algo amaldiçoado.,
Doku,,Vassalo / Lacaio,,Subst. Masc.,,,,,Raiz nova. Um servo sem vontade própria.,
Garu,,Guardar / Vigiar (um ponto),,Verbo,,,,,Raiz nova. Diferente de Nahta (Proteger no combate).,
Saru,,Corpo (Físico / Carne),,Subst. Masc.,,,,,"Raiz nova. A totalidade física, viva ou morta.",
Taru,,Barreira mágica / Campo de força,,Subst. Fem.,,,,,Raiz nova. Uma parede invisível criada por feitiço.,
Dalu,,Eficaz / Potente / Útil,,Adjetivo,,,,,Raiz nova. Quando uma magia ou arma funciona perfeitamente.,
Radu,,Exaurir / Consumir energia,,Verbo,,,,,Raiz nova. O desgaste que a magia causa no Kajom.,
Zaru,,Raio / Área de efeito,,Subst. Masc.,,,,,Raiz nova. O limite espacial de um feitiço ou explosão.,
Kuzu,,Tumulto / Pânico geral,,Subst. Masc.,,,,,Raiz nova. O caos de uma multidão desesperada.,
Vidu,,Desfigurado / Aberração,,Adjetivo,,,,,Raiz nova. Algo cuja forma original foi destruída.,
Vilu,,Aura / Emanação mística,,Subst. Fem.,,,,,Raiz nova. A presença mágica que um ser exala.,
Uerash,,Quantidade / Número,,Subst. Neutro,,,,,Aglutinação: Uer (Quantos) + Asha (O que).,
Hauia,,Aumentar / Crescer,,Verbo,,,,,Aglutinação: Hau (Mais) + -ia (Verbo).,
Horfeno,,Sobrecarregado / Pesado demais,,Adjetivo,,,,,Aglutinação: Hor (Pesado) + Feno (Demais).,
Shkom,,Conseguir / Ser capaz,,Verbo,,,,,Raiz Copta Pura: Shkom (Poder/Habilidade).,
Tajro,,Estável / Firme / Sólido,,Adjetivo,,,,,Raiz Copta Pura: Tajro (Firmeza).,
Jomhap,,Custo / Esforço extremo,,Subst. Masc.,,,,,Justaposição: Jom (Força) + Hap (Raiz Copta para julgamento/dívida).,
Klotaru,,Selar / Tampar fissura mágica,,Verbo,,,,,Justaposição: Klo (Fechar) + Taru (Barreira).,
Zanmeto,,Inútil / Sem valor,,Adjetivo,,,,,"Aglutinação: Zan (Nada) + Meto (Coisa). ""Coisa de nada"".",
Ahara,,Postura / Posição de Batalha,,Subst. Fem.,,,,,Raiz Copta Pura: Aher (Ficar de pé/Erguer-se).,
Uobata,,Purificação / Santificação,,Subst. Fem.,,,,,Aglutinação: Uoba (Puro/Sagrado) + -ta (Ação).,
Hekajia,,Catalisador Mágico (Objeto),,Subst. Neutro,,,,,Justaposição: Heka (Magia) + Jia (Pegar/Canalizar).,
Sajaheka,,Encantamento / Feitiço falado,,Subst. Neutro,,,,,Justaposição: Saja (Falar) + Heka (Magia).,
Tobi,,Clamor / Súplica / Prece,,Subst. Masc.,,,,,Raiz Copta Pura: Tōbh (Rezar/Implorar).,
Naeik,,Piedade / Misericórdia,,Subst. Fem.,,,,,Raiz Copta Pura: Nae (Misericórdia).,
Tiameto,,Dádiva / Doação divina,,Subst. Fem.,,,,,Justaposição: Tia (Dar) + Meto (Coisa).,
Mokash,,Aflito / Sofredor,,Subst. Masc.,,,,,Aglutinação: Muki (Tristeza) + Kash (Dor).,
Nujabol,,Expulsar / Banir / Expurgar,,Verbo,,,,,Aglutinação: Nuja (Jogar) + Abol (Para fora).,
Polashan,,Escorrer / Gotejar,,Verbo,,,,,"Aglutinação: Pola (Fluir) + Shan (Pouco). ""Fluir pouco"".",
Kheni,,Pescoço / Garganta,,Subst. Masc.,,,,,Raiz Copta Pura: Khēni (Pescoço).,
Treshnofa,,Carmesim / Vermelho Sangue,,Adjetivo,,,,,Justaposição: Tresha (Vermelho) + Senofa (Sangue).,
Toki,,Cravar / Fincar / Perfurar,,Verbo,,,,,Raiz Copta Pura: Tōch (Plantar/Fixar).,
Ershibi,,Transformar-se / Mudar de forma,,Verbo,,,,,Raiz Copta: Er-shibi (Tornar-se/Mudar).,
Mishakoia,,Campo de Batalha,,Subst. Neutro,,,,,Aglutinação: Misha (Batalha) + Koia (Campo).,
Bokamato,,Aventureiro / Mercenário,,Subst. Masc.,,,,,"Aglutinação: Boka (Viajar/Partir) + Mato (Guerreiro). ""Guerreiro viajante"".",
Shanshan,,Aos poucos / Gradualmente,,Advérbio,,,,,Justaposição: Shan + Shan (Pouco a pouco).,
Munatako,,Carnificina / Massacre absoluto,,Subst. Masc.,,,,,Aglutinação: Muna (Morte) + Tako (Destruição).,
Stato,,Tremer / Estremecer de medo,,Verbo,,,,,Raiz Copta Pura: Stōt (Tremor/Pavor).,
Hosh,,Pavor / Terror absoluto,,Subst. Masc.,,,,,Raiz Copta Pura: Hosh (Medo extremo). Diferente de Huma (medo comum).,
Takaeia,,Invadir / Arrombar,,Verbo,,,,,"Aglutinação: Taka (Atacar) + Eia (Entrar/Vir). ""Entrar atacando"".",
Kashfeno,,Agonizante / Doloroso ao extremo,,Adjetivo,,,,,Aglutinação: Kash (Dor) + Feno (Demais/Excesso).,
Porju,,Estendido no chão / Prostrado,,Adjetivo,,,,,Raiz Copta Pura: Derivado de Pōrsh (Espalhar/Esticar).,
Hai,,Marido / Esposo,,Subst. Masc.,,,,,Raiz Copta Pura: Hai (Marido).,
Himi,,Esposa / Mulher casada,,Subst. Fem.,,,,,Raiz Copta Pura: Variação de Shime (Mulher).,
Minahe,,Transe / Choque mental / Trauma,,Subst. Fem.,,,,,"Aglutinação: Mina (Mente) + He (Cair). ""Queda da mente"".",
Nukabol,,Desaparecer / Sumir da vista,,Verbo,,,,,"Aglutinação: Nuka (Perder) + Abol (Para fora). ""Perder-se para fora"".",
Sheayoma,,Cais / Píer de madeira,,Subst. Masc.,,,,,Aglutinação: Shea (Madeira) + Yoma (Mar).,
Bolo,,Soltar / Afrouxar (Corda ou aperto),,Verbo,,,,,Raiz Copta Pura: Bōl (Soltar/Desatar).,
Sohu,,Acertar / Atingir em cheio,,Verbo,,,,,Raiz Copta Pura: Sōh (Atingir alvo).,
Khibi,,Silhueta / Vulto sombrio,,Subst. Fem.,,,,,Raiz Copta Pura: Khēbi (Sombra).,
Nahmu,,Salvo / Resgatado do perigo,,Adjetivo,,,,,Raiz Copta Pura: Nahm (Salvar).,
Korajom,,Bravura / Força heroica,,Subst. Fem.,,,,,Aglutinação: Kora (Coragem) + Jom (Força).,
Nahtaromi,,Defensor / Guarda,,Subst. Masc.,,,,,Aglutinação: Nahta (Proteger) + Romi (Homem/Pessoa).,
Amatasi,,Sustentar a linha / Manter posição,,Verbo,,,,,Aglutinação: Ama (Segurar) + Tasi (Fila/Linha).,
Mishamesh,,Exército / Legião,,Subst. Masc.,,,,,Aglutinação: Misha (Batalha) + Mesha (Multidão).,
Artēmato,,Guerreiro de Elite,,Subst. Masc.,,,,,Justaposição: Artē (Alto/Supremo) + Mato (Guerreiro).,
Takahe,,Subjugar / Derrubar atacando,,Verbo,,,,,Aglutinação: Taka (Atacar) + He (Cair).,
Klora,,Encurralar / Cercar,,Verbo,,,,,Raiz Copta Pura: Klōr (Cercar/Envolver).,
Mashu,,Pilha / Montante de algo,,Subst. Fem.,,,,,Raiz Copta Pura: Mash (Monto).,
Metonuter,,Artefato divino / Relíquia,,Subst. Neutro,,,,,Aglutinação: Meto (Coisa) + Nuter (Divina).,
Nebjia,,Portador (de uma arma/artefato),,Subst. Masc.,,,,,"Aglutinação: Neba (Lorde/Dono) + Jia (Pegar). ""O dono que carrega"".",
Nukana,,Desaparecido / Perdido em combate,,Adjetivo,,,,,Aglutinação: Nuka (Perder) + -na.,
Gematasi,,Busca / Patrulha de resgate,,Subst. Fem.,,,,,Aglutinação: Gema (Encontrar) + Tasi (Fila militar).,
Koujimesh,,Esquadrão / Destacamento,,Subst. Masc.,,,,,Aglutinação: Kouji (Pequeno) + Mesha (Multidão/Grupo).,
Matokau,,Sargento / Oficial intermediário,,Subst. Masc.,,,,,Aglutinação: Mato (Guerreiro) + Kau (Meio).,
Seshalu,,Acólito / Aprendiz religioso,,Subst. Masc.,,,,,Aglutinação: Sesha (Sacerdote) + Alu (Jovem).,
Shorpi,,Documento amontoado / Relatório,,Subst. Masc.,,,,,Raiz Copta Pura: Shōrp (Escritos iniciais).,
Matartē,,Suboficial Maior / Comandante-Geral,,Subst. Masc.,,,,,Aglutinação: Mato (Guerreiro) + Artē (Supremo).,
Peduan,,Incrédulo / Cético,,Adjetivo,,,,,Aglutinação: Pedu (Acreditar) + An (Não).,
Metouroto,,Assunto de Estado / Segredo Real,,Subst. Neutro,,,,,Aglutinação: Meto (Assunto) + Uroto (Império).,
Mataia,,Autonomia / Poder soberano,,Subst. Fem.,,,,,Nova Raiz: Ligado ao poder de ação independente.,
Renromi,,Plebeu / Homem comum,,Subst. Masc.,,,,,Aglutinação: Renia (Comum) + Romi (Homem).,
Nishasiu,,Era/tempo historico,,Subst. Neutro,,,,,"(Aglutinação: Nisha [Grande] + Siu [Tempo]). Significaria literalmente ""O Grande Tempo""",
Aion,,Era,,Subst. Neutro,,,,,Nova Raiz derivada do Copta/Grego antigo Aiōn,
Yomasuri,,Mar Primordial / A Origem,,Subst. Masc.,,,,,"Aglutinação: Yoma (Mar) + Suri (Relacionado a Sura, origem/morte do vazio).",
Bikmuni,,Árvore Cósmica / Árvore da Vida,,Subst. Fem.,,,,,Raiz Inédita. Termo sagrado e mitológico.,
Snavioha,,Fenômeno das Duas Luas / Alinhamento,,Subst. Neutro,,,,,Snava (Dois) + Ioha (Lua).,
Iohabera,,Lua Nova / Início do Ciclo,,Subst. Fem.,,,,,Ioha (Lua) + Bera (Nova).,
Iohapasa,,Lua Minguante / Fim do Ciclo,,Subst. Fem.,,,,,Ioha (Lua) + Pasa (Velha).,
Tepiana,,Zênite / O topo do céu,,Subst. Masc.,,,,,Tepia (Céu) + -na (Sufixo de grandeza).,
Nemsi,,Cometa / Estrela Viajante,,Subst. Fem.,,,,,Raiz Copta pura para cometa/meteoro.,
Astraia,,Plano Místico / Mundo Espiritual,,Subst. Neutro,,,,,Derivado do nome sagrado Astra Lumina.,
Kajomia,,Meditar / Recuperar mana,,Verbo,,,,,Kajom (Mana) + -ia (Ação de fazer).,
Nunaheka,,Linha de Ley / Nascente Mágica,,Subst. Fem.,,,,,Nuna (Raiz/Fonte) + Heka (Magia).,
Refato,,Palco / Arena de Música,,Subst. Masc.,,,,,Refa (Bardo/Músico) + To (Lugar).,
Gurajom,,Refrão / Clímax da Canção,,Subst. Neutro,,,,,Gura (Canção) + Jom (Força/Poder).,
Tasisema,,Coro Musical / Conjunto de Vozes,,Subst. Fem.,,,,,Tasi (Fila/Linha) + Sema (Voz).,
Samisema,,Instrumento de Cordas (ex: Alaúde),,Subst. Neutro,,,,,Sami (Fio/Corda) + Sema (Voz).,
Kufasema,,Tambor / Instrumento de Percussão,,Subst. Neutro,,,,,Kufa (Bater/Socar) + Sema (Voz).,
Nifsema,,Flauta / Instrumento de Sopro,,Subst. Neutro,,,,,Nif (Sopro) + Sema (Voz).,
Gurirompa,,Bardo Prodígio / Jovem Ídolo,,Subst. Masc.,,,,,Guri (Jovem) + Rompa (Ano/Tempo).,
Diragura,,Elegia / Canção de Luto,,Subst. Fem.,,,,,Dira (Dor/Luto) + Gura (Canção).,
Semaia,,Compor / Criar Música,,Verbo,,,,,Ação derivada de Sema (Voz).,
Lishagura,,Canção de Taverna / Música de Dança,,Subst. Fem.,,,,,Lisha (Rir/Festejar) + Gura (Canção).,
Urosaja,,Decreto Real / Édito,,Subst. Neutro,,,,,Uro (Rei) + Saja (Fala). A palavra do Rei.,
Matutala,,Tratado de Paz,,Subst. Neutro,,,,,Matu (Paz) + Tala (Promessa).,
Toraia,,Posto de Fronteira / Alfândega,,Subst. Fem.,,,,,Tora (Fronteira) + Aia (Casa).,
Hapasuna,,Espionagem / Informação Secreta,,Subst. Fem.,,,,,Hapa (Oculto) + Suna (Saber).,
Nebaia,,Conselho dos Lordes / Senado,,Subst. Neutro,,,,,Neba (Lorde) + Aia (Casa).,
Jolmazato,,Corrupção / Suborno Político,,Subst. Fem.,,,,,Jol (Mentira) + Mazato (Tribunal).,
Eshotia,,Guilda Comercial,,Subst. Fem.,,,,,Eshot (Comerciante) + Aia (Casa/Sede).,
Zavaia,,Banco / Cofre do Reino,,Subst. Fem.,,,,,Zava (Riqueza) + Aia (Casa).,
Urotobori,,As Terras Selvagens / Ermos da Fronteira,,Subst. Fem.,,,,,Uroto (Reino) + Bori (Borda/Fim).,
Romiuro,,Embaixador / Diplomata,,Subst. Masc.,,,,,Romi (Homem) + Uro (Rei). O homem do rei.,
Tebtakruk,,Leviatã / Grande Fera Marinha,,Subst. Neutro,,,,,Tebta (Peixe) + Kruk (Monstro).,
Hatomōa,,Hipocampo / Cavalo-marinho,,Subst. Masc.,,,,,Hato (Cavalo) + Mōa (Água).,
Muiartē,,Manticora / Fera Suprema,,Subst. Fem.,,,,,Muia (Fera de Leão) + Artē (Supremo).,
Kiononsha,,Lobo das Neves (Típico do Norte),,Subst. Masc.,,,,,"Kiona (Neve) + Uonsha (Lobo). Fundidos sem ""a"".",
Ooni,,Coruja / Pássaro da noite,,Subst. Fem.,,,,,Raiz Copta pura para coruja (Oon).,
Kamafeto,,Erva Venenosa / Planta da Morte,,Subst. Fem.,,,,,Kama (Escuro) + Feto (Samambaia/Planta).,
Wotanuna,,Raiz Curativa Rara,,Subst. Fem.,,,,,Wota (Verde) + Nuna (Raiz).,
Grogkama,,Escorpião / Inseto Assassino,,Subst. Masc.,,,,,Grog (Inseto) + Kama (Escuro/Mortal).,
Alkahala,,Fênix / Pássaro de Cristal,,Subst. Fem.,,,,,Alka (Precioso) + Hala (Pássaro).,
Shēnkota,,Árvore de Fogo (Cujas folhas brilham),,Subst. Fem.,,,,,Shēn (Árvore) + Kota (Fogo).,
Oikaia,,Cozinha / Despensa de castelo,,Subst. Fem.,,,,,Oika (Comida) + Aia (Casa/Lugar).,
Somaia,,Aposentos / Quarto de dormir,,Subst. Fem.,,,,,Soma (Sono) + Aia (Lugar).,
Rahaia,,Casa de Banhos / Lavatório,,Subst. Fem.,,,,,Raha (Lavar) + Aia (Lugar).,
Kopoia,,Adega de Bebidas (Vinhos/Cervejas),,Subst. Fem.,,,,,Kopo (Taça) + Aia (Lugar).,
Hiraia,,Quintal / Pátio Interno,,Subst. Neutro,,,,,Hira (Caminho) + Aia (Lugar).,
Tobekoti,,Chaminé,,Subst. Masc.,,,,,Tobe (Tijolo) + Koti (Estrutura/Construção).,
Uolazaji,,Vidraça Fina (Sinal de Riqueza),,Subst. Fem.,,,,,Uola (Janela) + Zaji (Vidro).,
Lomahebsa,,Lençol / Cobertor de Cama,,Subst. Neutro,,,,,Loma (Cama) + Hebsa (Tecido/Roupa).,
Tanashea,,Mesa de Jantar Comum,,Subst. Fem.,,,,,Tana (Mesa) + Shea (Madeira).,
Sitaona,,Banco de Pedra (Praça pública),,Subst. Masc.,,,,,Sita (Assento) + Ona (Pedra).,
Koujimate,,Dardo / Faca de Arremesso,,Subst. Masc.,,,,,Kouji (Pequeno) + Mata (Martelo/Arma pesada alterada).,
Soteia,,Aljava (Onde guardam flechas),,Subst. Fem.,,,,,Sote (Flecha) + -ia (Lugar).,
Pitetami,,Arqueiro / Fabricante de Arcos,,Subst. Masc.,,,,,Pite (Arco) + Tami (Fazer/Aquele que usa).,
Mishabani,,Escudo Redondo (Estilo Viking),,Subst. Masc.,,,,,Misha (Batalha) + Bani (Círculo/Roda).,
Kelakouji,,Broquel / Escudo de Pulso,,Subst. Masc.,,,,,Kela (Escudo) + Kouji (Pequeno).,
Sifrana,,Bainha da Espada,,Subst. Fem.,,,,,"O ""bom lugar"" (Na) da Espada (Sifa).",
Romenartē,,Alabarda / Lança de Guarda Real,,Subst. Fem.,,,,,Romena (Lança) + Artē (Supremo).,
Onanuja,,Catapulta / Trebuchet,,Subst. Fem.,,,,,Ona (Pedra) + Nuja (Lançar).,
Matoaia,,Quartel / Caserna Militar,,Subst. Fem.,,,,,Mato (Soldado) + Aia (Casa).,
Jeduia,,Marcha Militar / Desfile de Guerra,,Subst. Fem.,,,,,Jedu (Marchar/Avançar) + -ia (Ação).,
Joahebsa,,Chapéu / Gorro / Elmo leve,,Subst. Masc.,,,,,Joa (Cabeça) + Hebsa (Roupa).,
Totaratis,,Luvas Pesadas (Couro/Trabalho),,Subst. Fem.,,,,,Tota (Mão) + Ratis (Calçado/Proteção grossa).,
Lasaia,,Cinto de Utilidades / Cinto de Poções,,Subst. Masc.,,,,,Lasa (Cinto) + -ia (Que guarda objetos).,
Nefaboku,,Colar de Joias Ricas,,Subst. Masc.,,,,,Nefa (Belo) + Boku (Colar).,
Alkaruka,,Anel de Selo / Anel com Pedra,,Subst. Masc.,,,,,Alka (Preciosa) + Ruka (Anel).,
Hebsaura,,Vestido de Baile / Vestes de Rainha,,Subst. Fem.,,,,,Hebsa (Roupa) + Ura (Rainha).,
Aromakaba,,Capa de Couro de Viagem,,Subst. Fem.,,,,,Aroma (Couro) + Kaba (Manto).,
Kimihebsa,,Roupa Tingida (Status alto),,Subst. Fem.,,,,,Kimi (Cor) + Hebsa (Roupa).,
Kamatresh,,Púrpura / Cor da Realeza,,Adjetivo,,,,,Kama (Escuro) + Tresha (Vermelho).,
Wotabera,,Verde Claro / Verde Primavera,,Adjetivo,,,,,Wota (Verde) + Bera (Novo).,
Nohem,,Salvar / Resgatar (O ato heroico),,Verbo,,,,,Copta: Nouhm.,
Talo,,Levantar / Erguer algo muito pesado,,Verbo,,,,,Copta: Talo.,
Misho,,Bater covardemente / Espancar,,Verbo,,,,,Copta: Mishi. (Origem pejorativa de Misha).,
Romihe,,Chorar em voz alta / Soluçar,,Verbo,,,,,Copta: Rimi + He (Cair lágrimas).,
Soli,,Consolar / Acalmar alguém,,Verbo,,,,,Copta: Solsl.,
Shofi,,Acolher / Receber em casa,,Verbo,,,,,Raiz Nova.,
Uteha,,Colher a plantação inteira,,Verbo,,,,,Copta: Outeh (Agricultura pesada).,
Soki,,Moer / Triturar grãos ou pedras,,Verbo,,,,,Copta: Sōki.,
Foti,,Apagar / Extinguir (um fogo),,Verbo,,,,,Copta: Fōte. (Muito usado na Magia de Água).,
Goli,,"Enrolar / Dobrar (cordas, tecidos, corpos)",,Verbo,,,,,Raiz Nova (Ação física rápida).,
Eshani,,Frequente / Muitas vezes,,Advérbio,,,,,Eshan (Ambos/Múltiplos) + -i.,
Mutan,,Nenhuma vez / Nunca (Enfático),,Advérbio,,,,,"Mut (Nem) + An (Não). ""De jeito nenhum"".",
Soman,,Inesperadamente / De surpresa,,Advérbio,,,,,Acordar,
Molihi,,Facilmente / Sem esforço,,Advérbio,,,,,Moli (Fácil) + sufixo -hi.,
Kasihi,,Dificilmente / A muito custo,,Advérbio,,,,,Kasi (Difícil) + sufixo -hi.,
Vojihi,,Corretamente / Conforme a Lei,,Advérbio,,,,,Voji (Certo) + sufixo -hi.,
Fariholo,,De qualquer maneira,,Advérbio,,,,,Fari (Método) + Holo (Todos).,
Tiholo,,Em todo e qualquer lugar,,Advérbio,,,,,To (Lugar) + Holo (Todos).,
Zoruna,,Cuidadosamente / Com máxima atenção,,Advérbio,,,,,Zoru (Focado) + -na.,
Shanhi,,Lentamente / Aos pouquinhos,,Advérbio,,,,,Shan (Pouco) + sufixo -hi.,
Hētkan,,Fervor / Devoção Ardente,,Subst. Masc.,,,,,Hēt (Coração) + Kan (Brilho).,
Minasura,,Melancolia / Vazio existencial,,Subst. Fem.,,,,,Mina (Mente) + Sura (Vazio/Morta).,
Linafeno,,Euforia / Êxtase Mágico,,Subst. Fem.,,,,,Lina (Alegria) + Feno (Demais).,
Humahe,,Desespero / Perda total de esperança,,Subst. Masc.,,,,,Huma (Medo) + He (Cair).,
Matunahe,,"Alívio (Paz que ""cai"" sobre você)",,Subst. Fem.,,,,,Matu (Paz) + Na + He (Cair).,
Diraia,,Luto / O período da dor,,Subst. Fem.,,,,,Dira (Dor) + -ia (Lugar/Tempo estendido).,
Krofasori,,Culpa por traição / Remorso pesado,,Subst. Fem.,,,,,Krofa (Trair) + Sori (Culpa).,
Nataholo,,Lealdade Inabalável,,Subst. Fem.,,,,,Nata (Confiar) + Holo (Tudo/Completo).,
Hoshfeno,,Pânico Generalizado,,Subst. Masc.,,,,,Hosh (Terror) + Feno (Demais).,
Koranuti,,Virtude / Bravura Divina,,Subst. Fem.,,,,,Kora (Coragem) + Nuter (Divina).,
Hroa,,Chuva torrencial	,,Subst. Fem.,,,,,Raiz Copta Pura (Hroou).,
Hroajom,,Sereno,,Subst. Fem.,,,,,Hroa (Chuva) + Jom (Força/Forte).,
Kharam,,Trovão (O som),,Subst. Masc.,,,,,Raiz Nova onomatopeica/Copta.,
Kanhora,,Raio,,Subst. Masc.,,,,,Kan (Brilho) + Hora (Céu/Rápido).,
Khol,,Névoa,,Subst. Fem.,,,,,Raiz Copta Pura (Khol / Escurecer).,
Kros,,Floco de neve,,Subst. Masc.,,,,,Raiz Inédita. (Diferente de Kiona = Neve).,
Kaiastot,,Terremoto,,Subst. Masc.,,,,,Kaia (Terra/Mundo) + Stato/Stot (Tremer).,
Nifshan,,Brisa Leve / Vento suave,,Subst. Masc.,,,,,Nif (Vento/Sopro) + Shan (Pouco).,
Borian,,Ciclone,,Subst. Masc.,,,,,Derivado do vento forte que destrói bordas (Bori).,
Uolamōa,,Arco-íris,,Subst. Masc.,,,,,Uola (Janela/Visão) + Mōa (Água). A visão na água.,
Zavani,,Economia,,Subst. Fem.,,,,,Zava (Riqueza) + -ni (Sufixo para peça pequena).,
Eshoto,,Feira livre,,Subst. Masc.,,,,,Eshot (Comerciante) + To (Lugar).,
Hapo,,Favorito,,Subst. Neutro,,,,,Raiz Copta Pura (Hap = Julgamento/Valor).,
Banu,,Metal (Geral),,Subst. Masc.,,,,,Raiz Copta Pura (Beni/Banu = Ferro).,
Banutami,,Forjador,,Subst. Masc.,,,,,Banu (Metal) + Tami (Fazer/Aquele que faz).,
Koiaromi,,Fazendeiro / Agricultor,,Subst. Masc.,,,,,Koia (Campo) + Romi (Homem).,
Shepa,,obter,,Verbo,,,,,Raiz Copta Pura (Shōp).,
Tiashepa,,entregar,,Verbo,,,,,"Tia (Dar) + Shepa (Comprar). ""Fazer o outro comprar"".",
Shika,,Tirar,,Verbo,,,,,Raiz Inédita (Som sorrateiro).,
Hatab,,Ciclo,,Subst. Fem.,,,,,Raiz Inédita.,
Hoabera,,Manhã (Nascer do Sol),,Subst. Fem.,,,,,Huo/Hoa (Dia) + Bera (Novo).,
Siuma,,Ontem,,Subst. Masc.,,,,,,
Siumin,,Depois de amanhã,,Subst. Fem.,,,,,,
Tenu,,Instante,,Advérbio / Subst.,,,,,,
Hormeto,,Enorme,,Advérbio / Subst.,,,,,,
Moshasiu,,Monte,,Advérbio / Subst.,,,,,"Mosha (Caminhar) + Siu (Tempo). ""Tempo de caminhada"".",
Kanau,,Calendário,,Subst. Masc.,,,,,Raiz Inédita (A união da leitura dos astros).,
Shona,,Doença / Enfermidade,,Subst. Fem.,,,,,Raiz Copta Pura (Shōne).,
Pahri,,Remédio / Poção de Cura,,Subst. Neutro,,,,,Raiz Copta Pura (Pahri).,
Anom,,Livre,,Subst. Fem.,,,,,Raiz Copta Pura (Anom).,
Fo,,Cabelo / Pelo,,Subst. Masc.,,,,,Raiz Copta Pura (Fō).,
Minaia,,Cérebro ,,Verbo,,,,,Mina (Mente) + -ia (Verbo).,
Minakoto,,Recordar,,Verbo,,,,,"Mina (Mente) + Koto (Voltar). ""A mente que volta"".",
Somabol,,Ressuscitar ,,Verbo,,,,,"Soma (Dormir/Sono) + Abol (Fora). ""Sair do sono"".",
Uom,,Alimento,,Verbo,,,,,Raiz Copta Pura (Ouōm).,
Sō,,Engolir,,Verbo,,,,,Raiz Copta Pura (Sō).,
Shena,,Dúvida,,Verbo,,,,,Raiz Copta Pura (Shine).,
Kotosaja,,Responder,,Verbo,,,,,"Koto (Voltar) + Saja (Falar). ""A fala que volta"".",
Hōba,,Trabalhar ,,Verbo,,,,,Raiz Copta Pura (Hōb = Trabalho).,
Lasho,,Gargalhar,,Verbo,,,,,"Derivado de Lisha (Festejar), mas focado no som.",
Romihe,,Prantos (aos prantos),,Verbo,,,,,(Oficializado do lote anterior) Rimi + He.,
Krofa,,Mentir,,Verbo,,,,,Raiz Copta Pura (Krof = Engano).,
Krofameto,,Faltar,,Verbo,,,,,Krofa (Enganar) + Meto (Coisa).,
Nata,,Confiar,,Verbo,,,,,Raiz Copta Pura (Nahte = Confiança).,
Shibrato,,Amizade,,Subst. Fem.,,,,,Shibra (Amigo) + -to (Estado/Conceito de).,
Nifbani,,Moinho de vento,,Subst. Masc.,,,,,"Aglutinação: Nif (Vento) + Bani (Roda/Círculo). ""A roda do vento"".",
Mōabani,,Moinho de água,,Subst. Masc.,,,,,Aglutinação: Mōa (Água) + Bani (Roda).,
Nosh,,Farinha,,Subst. Fem.,,,,,Raiz Copta Pura (Nōsh = Farinha/Grão moído).,
Kelto,,Engrenagem / Mecanismo,,Subst. Masc.,,,,,Nova Raiz: Baseada no som de catracas girando.,
Sitoa,,Celeiro / Armazém,,Subst. Masc.,,,,,Aglutinação: Sita (Semente/Grãos) + Toa (Lugar/Depósito).,
Noshromi,,Moleiro (Dono do moinho),,Subst. Masc.,,,,,Aglutinação: Nosh (Farinha) + Romi (Homem/Pessoa).,
Lafi,,Ferramenta / Utensílio,,Subst. Fem.,,,,,"Raiz Copta Pura (Já tínhamos usado em Takalafi = Arma, agora isolada).",
Fotishea,,Vassoura,,Subst. Fem.,,,,,Aglutinação: Foti (Limpar/Apagar) + Shea (Madeira).,
Klolafi,,Chave,,Subst. Fem.,,,,,Aglutinação: Klo (Fechar/Trancar) + Lafi (Ferramenta).,
Nayazaji,,Reflexo,,Subst. Masc.,,,,,"Aglutinação: Naya (Olhar/Ver) + Zaji (Vidro). ""O vidro que olha"".",
Sarugema,,Sexo / O ato carnal,,Subst. Neutro,,,,,"Aglutinação: Saru (Carne/Corpo) + Gema (Encontrar/Unir). ""O encontro da carne"".",
Sarugemia,,Copular / Fazer sexo,,Verbo,,,,,A transformação de Sarugema em verbo com o sufixo -ia.,
Uasha,,Desejo / Luxúria / Tesão,,Subst. Masc.,,,,,Raiz Copta Pura (Ouōsh = Desejar intensamente).,
Menri,,Amante / Parceiro(a) carnal,,Subst. Masc/Fem,,,,,"Raiz Copta Pura (Menrit = O amado, aquele com quem se deita).",
Besh,,Nu / Nudez,,Adjetivo / Subst.,,,,,Raiz Copta Pura (Bēsh = Despido/Nu).,
Pikota,,Beijo ardente / Beijo íntimo,,Subst. Masc.,,,,,Aglutinação: Pi (Beijo) + Kota (Fogo). Diferente de um beijo no rosto.,
Hapasaru,,Órgão genital / Partes íntimas,,Subst. Fem.,,,,,Aglutinação: Hapa (Oculto/Escondido) + Saru (Carne).,
Linasaru,,Prazer carnal / Orgasmo,,Subst. Masc.,,,,,Aglutinação: Lina (Alegria/Êxtase) + Saru (Carne).,
Linaromi,,Cortesã / Prostituto(a),,Subst. Masc/Fem,,,,,"Aglutinação: Lina (Prazer) + Romi (Pessoa). ""A pessoa do prazer"".",
Sokmina,,Sedução / Charme,,Subst. Fem.,,,,,"Aglutinação: Soka (Puxar/Atrair) + Mina (Mente). ""Puxar a mente (do outro)"".",
Sita,,Sêmen / Semente reprodutiva,,Subst. Fem.,,,,,Raiz Copta Pura (Sit = Semente da vida).,
Kashuba,,Gravidez / Gestação,,Subst. Fem.,,,,,Raiz Nova (A união da proteção à nova vida no ventre).,
Abolromi,,Estrangeiro,,Subst. Masc.,,,,,Aglutinação: Abol (De fora/Além) + Romi (Pessoa).,
Khashromi,,Vizinho,,Subst. Masc.,,,,,Aglutinação: Khash (Próximo/Perto) + Romi (Pessoa).,
Sōromi,,Taverneiro,,Subst. Masc.,,,,,Aglutinação: Sō (Beber/Bebida) + Romi (Pessoa).,
Pahriomi,,Curandeiro / Boticário,,Subst. Masc.,,,,,Aglutinação: Pahri (Remédio) + Romi (Pessoa).,
Guri,,Criança / Menino(a),,Subst. Masc/Fem,,,,,Raiz Inédita. Um termo mais carinhoso e cotidiano do que Alu (jovem).,
Gurasema,,Cantor / Vocalista,,Subst. Masc/Fem,,,,,Aglutinação: Gura (Música/Canção) + Sema (Voz).,
Zavaromi,,Aristocrata / Pessoa Rica,,Subst. Masc.,,,,,Aglutinação: Zava (Riqueza) + Romi (Pessoa).,
Krofasaru,,Desgraçado / Pedaço de Carne Podre,,Subst. Masc.,,Krofasaruis,,,,
Beshmina,,Idiota / Mente Nua (Sem inteligência),,Subst. Masc/Fem,,Beshminais,,,,
Shatorkruk,,F*dido / Amaldiçoado pelo Caos,,Adjetivo/Subst.,,Shatorkrukis,,,,
Fo-nu,,"""Seu lixo!"" (Usando o sufixo depreciativo -nu)",,Interjeição,,-,,,,
Shēnkaki,,"""Vá para as sombras!"" / Vá pro inferno",,Expressão,,-,,,,
Jolmaromi,,Mentiroso / Bastardo (Falso),,Subst. Masc.,,Jolmaromis,,,,
Sita-ku,,Semente podre / Filho da p*ta,,Subst. Masc/Fem,,Sita-kuis,,,,
Nukahe,,Merda! / Maldição!,,Interjeição,,-,,,,
Nukametos,,Restos / Fezes / Lixo orgânico,,Subst. Neutro,,Nukametosis,,,,
Grogmina,,Verme / Pessoa asquerosa (Mente de inseto),,Subst. Masc/Fem,,Grogminais,,,,
Huka,,Cuspir (Muito usado como ofensa),,Verbo,,-,,,,
Pota,,Chutar / Dar um chute,,Verbo,,-,,,,
Noka,,Morder / Arrancar com os dentes,,Verbo,,-,,,,
Grasa,,Rastejar / Humilhar-se no chão,,Verbo,,-,,,,
Shofi,,Empurrar bruscamente,,Verbo,,-,,,,
Tobahe,,Tropeçar / Cair sozinho,,Verbo,,-,,,,
Hōbakasi,,Sofrer / Trabalhar até a exaustão,,Verbo,,-,,,,
Nefakrofa,,Fingir / Disfarçar (Falsa beleza),,Verbo,,-,,,,
Yarajom,,Mastro Principal,,Subst. Masc.,,Yarajomis,,,,
Hebsayara,,Vela do navio,,Subst. Fem.,,Hebsayarais,,,,
Mōafari,,Leme / Volante do navio,,Subst. Neutro,,Mōafariis,,,,
Samihor,,Âncora (A corda pesada),,Subst. Fem.,,Samihoris,,,,
Yarabori,,Proa / A frente do navio,,Subst. Fem.,,Yaraboriis,,,,
Yarapahu,,Popa / A traseira do navio,,Subst. Fem.,,Yarapahuis,,,,
Nifshepa,,Vento a favor / Boa viagem,,Subst. Masc.,,Nifshepais,,,,
Mōakruk,,Pirata / Saqueador dos mares,,Subst. Masc.,,Mōakrukis,,,,
Kopoia-yara,,Porão do navio / Área de carga,,Subst. Fem.,,Kopoia-yarais,,,,
Mōatami,,Marinheiro / Marujo comum,,Subst. Masc.,,Mōatamiis,,,,
Nutais ,,Deuses,,Subst. Neutro,,,,,Nutais (Os deuses),
Mai,,Abençoar,,Verbo,,,,,,
Ani,,Me / Mim,,Pron. Oblíquo,,,,,Derivado de Ana (Eu). Ex: Nof naya ani. (Ele me olha / Ele olha para mim).,
Enti,,Te / Ti,,Pron. Oblíquo,,,,,Derivado de Ento (Tu/Você). Ex: Ana maia enti. (Eu te amo).,
Nofi,,Lhe / O (Ele),,Pron. Oblíquo,,,,,Derivado de Nof (Ele). Usado para objetos diretos e indiretos masculinos.,
Nasi,,Lhe / A (Ela),,Pron. Oblíquo,,,,,Derivado de Nas (Ela).,
Sui,,Si / A si mesmo,,Pron. Reflexivo,,,,,Raiz Inédita. Um pronome neutro universal para quando a pessoa faz a ação contra si mesma.,
Anoni,,Nos (Nós),,Pron. Oblíquo,,,,,Derivado de Anon (Nós). Ex: Te uro nahta anoni. (O rei nos protege).,
Uri,,Vos,,Pron. Oblíquo,,,,,Derivado da mesma raiz ancestral que formou o vosso (Pura).,
Naei,,Lhes / Os / As,,Pron. Oblíquo,,,,,Derivado de Nae (Eles/Elas).,
Henani,,Comigo,,Pron. Companhia,,,,,Hena + Ani. Ex: Mosha henani. (Caminhe comigo).,
Henanti,,Contigo,,Pron. Companhia,,,,,Hena + Enti.,
Henasui,,Consigo (Com ele mesmo),,Pron. Companhia,,,,,Hena + Sui. Usado de forma reflexiva (Ele levou o ouro consigo).,
Henanofi,,Com ele (Direto),,Pron. Companhia,,,,,Hena + Nofi. Usado quando você fala de uma terceira pessoa.,
Henanasi,,Com ela (Direto),,Pron. Companhia,,,,,Hena + Nasi.,
Henanoni,,Conosco,,Pron. Companhia,,,,,"Hena + Anoni. A vogal ""A"" inicial é ""engolida"" na fala.",
Henauri,,Convosco,,Pron. Companhia,,,,,Hena + Uri.,
Henanaei,,Com eles / Com elas,,Pron. Companhia,,,,,Hena + Naei.,